submission_id,title,author,num_comments,upvotes,upvote_ratio,date,subreddit,url,keyword
eaybxf,Villains or visionaries? Hedge funds short companies they say 'greenwash',Kunphen,0,4,1.0,2019-12-15 13:18:54,Economics,https://www.reuters.com/article/us-global-hedgefunds-sustainable-analysi/villains-or-visionaries-hedge-funds-short-companies-they-say-greenwash-idUSKBN1YJ097,greenwashing
8yen6,"OS Sponsorship, Shell, The Devil's Excrement and Greenwash",nabina,0,3,0.6,2009-07-05 20:29:05,Economics,http://open.salon.com/blog/padraig_colman/2009/07/05/kerrys_friend_shell_proud_to_be_an_os_sponsor,greenwashing
j1btdi,Stop the greenwashing in ESG?,richardsmith911,9,1,0.54,2020-09-28 15:17:45,investing,https://www.reddit.com/r/investing/comments/j1btdi/stop_the_greenwashing_in_esg/,greenwashing
a7ahu1,Socially responsible funds that promise to align your money with your values are often more marketing than science.,COMPUTER1313,9,5,0.6,2018-12-18 13:07:41,investing,https://www.reddit.com/r/investing/comments/a7ahu1/socially_responsible_funds_that_promise_to_align/,greenwashing
408d79,For those interested in Impact Investing,Larryburst,5,8,0.67,2016-01-09 23:12:16,investing,https://www.reddit.com/r/investing/comments/408d79/for_those_interested_in_impact_investing/,greenwashing
e6u8p3,Verdict on Terracycle public offering?,CloudHead,10,4,0.7,2019-12-06 06:24:59,wallstreetbets,https://www.reddit.com/r/wallstreetbets/comments/e6u8p3/verdict_on_terracycle_public_offering/,greenwashing
jjcghb,Is this greenwashing?,Yukisabella,5,9,0.92,2020-10-28 01:20:17,sustainability,https://www.reddit.com/r/sustainability/comments/jjcghb/is_this_greenwashing/,greenwashing
iqbfu1,Starbucks Strawless Lids Now Available Across the U.S. and Canada - Green or Greenwashing?,sustainablesa,17,21,0.87,2020-09-10 22:21:04,sustainability,https://www.reddit.com/r/sustainability/comments/iqbfu1/starbucks_strawless_lids_now_available_across_the/,greenwashing
jvrsgv,There are plenty of misleading brands which claims to be sustainable! Educate yourself on Greenwashing and don't let them fool you - especially on Black Friday!,The_Green_Bulbazour,0,3,1.0,2020-11-17 12:59:45,sustainability,https://2030.builders/stories/greenwashing/,greenwashing
jnpeo7,Companies Accused of Greenwashing | Truth In Advertising,QuarbonX,0,4,0.83,2020-11-04 04:36:20,sustainability,https://www.truthinadvertising.org/six-companies-accused-greenwashing/,greenwashing
ictd24,Are Primark Trying to Join the Sustainability Movement or is This Another Case of Greenwashing?,Evecar98,2,1,0.66,2020-08-19 20:30:12,sustainability,https://www.reddit.com/r/sustainability/comments/ictd24/are_primark_trying_to_join_the_sustainability/,greenwashing
h9hif8,UK Government Announces ‘Jet Zero Council’ but is it Really Possible or Just Greenwash?,MikeShaughnessy,8,30,0.96,2020-06-15 16:33:22,sustainability,http://londongreenleft.blogspot.com/2020/06/uk-government-announces-jet-zero.html,greenwashing
fxwa4z,Guide to Greenwashing Your Sustainability Report (satire),I_HALF_CATS,3,7,0.72,2020-04-09 19:09:49,sustainability,https://www.reddit.com/r/sustainability/comments/fxwa4z/guide_to_greenwashing_your_sustainability_report/,greenwashing
egv3wf,"""Certified Sustainable Beef"" - Genuine effort or blatant greenwashing? You decide!",KingOfTheAdriatic,10,38,0.91,2019-12-28 20:39:10,sustainability,https://www.cfa.ca/franchisecanada/mcdonalds-canada-to-serve-canadian-beef-from-farms-and-ranches-certified-sustainable-by-leading-industry-experts/,greenwashing
d7yajs,Green bond rise may slow as EU states seek more clout over greenwashing,open_risk,0,3,0.81,2019-09-23 01:28:50,sustainability,https://www.reuters.com/article/us-eu-finance-climate-idUSKBN1W413N,greenwashing
9st1w8,Can I ask about greenwashing on here?,cmRL2,18,35,0.98,2018-10-31 00:59:40,sustainability,https://www.reddit.com/r/sustainability/comments/9st1w8/can_i_ask_about_greenwashing_on_here/,greenwashing
a4vpmx,"No such thing as sustainable palm oil – 'certified' can destroy even more wildlife, say scientists - Study reveals 'trick' behind endorsement schemes linked to 'greenwashing’",Inasaba,3,95,1.0,2018-12-10 14:36:34,sustainability,https://www.independent.co.uk/news/world/asia/palm-oil-sustainable-certified-plantations-orangutans-indonesia-southeast-asia-greenwashing-purdue-a8674681.html,greenwashing
bmownw,"The Mean, Big Green Corporate Machine—greenwashing & consumerism false solutions—Ashes Ashes #71 (audio)",StopFossilFuels,0,6,1.0,2019-05-09 22:35:44,sustainability,https://youtu.be/wAI_3XQHt64,greenwashing
ikgo0j,Swedish company LKAB steel manufacturer opened the world’s first fossil-fuel-free steel plant over the weekend. (?),DInTheField,6,13,0.94,2020-09-01 10:39:58,sustainability,https://www.reddit.com/r/sustainability/comments/ikgo0j/swedish_company_lkab_steel_manufacturer_opened/,greenwashing
91kzy1,Any good literature out there about greenwashing?,MChez,3,7,1.0,2018-07-24 22:19:32,sustainability,https://www.reddit.com/r/sustainability/comments/91kzy1/any_good_literature_out_there_about_greenwashing/,greenwashing
hpnhry,Website that compares companies' Corporate Sustainability efforts,Suckmypoopoo,9,5,1.0,2020-07-12 05:17:29,sustainability,https://www.reddit.com/r/sustainability/comments/hpnhry/website_that_compares_companies_corporate/,greenwashing
87wnx1,A video essay on greenwashing and fiji water,ecochange,0,8,1.0,2018-03-29 01:37:28,sustainability,https://www.youtube.com/watch?v=mOpa8kd6fBI&t=25s,greenwashing
3qf5vu,"Wood ""Certification isn’t working and is, in fact, part of the problem"" - ""Clearly, this is exploiting the FSC Chain of Custody system to greenwash business as usual for the timber industry.""",jamessnow,14,22,0.97,2015-10-27 16:08:39,sustainability,http://www.redd-monitor.org/2015/10/20/scott-poynton-certification-isnt-working-and-is-in-fact-part-of-the-problem/,greenwashing
7zhu3z,Greenwashed Timber: How Sustainable Forest Certification Has Failed,stefeyboy,0,39,1.0,2018-02-22 21:00:31,sustainability,https://e360.yale.edu/features/greenwashed-timber-how-sustainable-forest-certification-has-failed,greenwashing
htz6rh,Compostable Frozen Food Packaging,mikmikformeth,5,7,0.9,2020-07-19 13:43:09,sustainability,https://www.reddit.com/r/sustainability/comments/htz6rh/compostable_frozen_food_packaging/,greenwashing
1uz46p,Building Shipping Container Homes: Green or Greenwashed?,greenatheart22,4,8,0.83,2014-01-11 20:04:48,sustainability,http://greenatheart.org/building-shipping-container-homes-green-or-greenwashed/,greenwashing
1spsk1,"Shell tries to greenwash through sustainability ""science slam"". Get's OWN3D!",gabrielbln,0,11,0.77,2013-12-12 14:58:10,sustainability,http://www.youtube.com/watch?v=At9rWPj7MzU#t=6,greenwashing
1lal9l,Green Hospitality: Getting in Front of Greenwashing,florenciapp,0,6,0.99,2013-08-29 01:24:55,sustainability,http://nextrends.swissnexsanfrancisco.org/greenhospitality/,greenwashing
d9zd5r,"Because of the climate strike, I'm worried about beloved coffee.",finndingnemo,17,28,0.84,2019-09-27 13:59:28,sustainability,https://www.reddit.com/r/sustainability/comments/d9zd5r/because_of_the_climate_strike_im_worried_about/,greenwashing
c1yjyb,Sustainable material for apparel?,dabaraoha,24,40,0.95,2019-06-18 08:03:57,sustainability,https://www.reddit.com/r/sustainability/comments/c1yjyb/sustainable_material_for_apparel/,greenwashing
aed5v7,Does Intention Matter?,garypeck,7,9,0.85,2019-01-10 01:06:05,sustainability,https://www.reddit.com/r/sustainability/comments/aed5v7/does_intention_matter/,greenwashing
97mi56,Core problem with sustainability projects in Canada,zenneutral,16,35,0.95,2018-08-16 00:01:39,sustainability,https://www.reddit.com/r/sustainability/comments/97mi56/core_problem_with_sustainability_projects_in/,greenwashing
9ft0z9,How do you best research brands?,PNWSoulSurfer,7,23,0.96,2018-09-14 17:37:01,sustainability,https://www.reddit.com/r/sustainability/comments/9ft0z9/how_do_you_best_research_brands/,greenwashing
89dt0a,Any ideas for my term paper? No prompt!,SmithIsLit,9,4,0.83,2018-04-03 15:35:41,sustainability,https://www.reddit.com/r/sustainability/comments/89dt0a/any_ideas_for_my_term_paper_no_prompt/,greenwashing
7gxv0p,Discussion on Sustainable Business,TheEcoCEO,9,6,0.88,2017-12-01 21:35:37,sustainability,https://www.reddit.com/r/sustainability/comments/7gxv0p/discussion_on_sustainable_business/,greenwashing
2pycrb,dot green domain names (.green) to be available fur sustainability organizations in Feb. 2015,trueslicky,5,26,0.87,2014-12-21 07:21:20,sustainability,http://www.csrwire.com/press_releases/37574-Launching-Social-Responsibility-With-Green,greenwashing
478lqd,seeking for co-mod. or two?,silpol,9,9,0.92,2016-02-23 21:30:15,sustainability,https://www.reddit.com/r/sustainability/comments/478lqd/seeking_for_comod_or_two/,greenwashing
gmoz4g,Young married couple starting out,vattuli,52,14,0.76,2020-05-19 15:53:15,personalfinance,https://www.reddit.com/r/personalfinance/comments/gmoz4g/young_married_couple_starting_out/,greenwashing
jqv0u9,‘Hypocrites and greenwash’: Greta Thunberg blasts leaders over climate crisis,damianp,1158,8251,0.85,2020-11-09 11:06:38,worldnews,https://www.theguardian.com/environment/2020/nov/09/hypocrites-and-greenwash-greta-thunberg-climate-crisis,greenwashing
ex7t3m,H&M accused of ‘greenwashing’ over plans to make clothes from sustainable fabric - ‘Fashion this fast can never and will never be sustainable’,ManiaforBeatles,439,6712,0.96,2020-02-01 16:38:28,worldnews,https://www.independent.co.uk/life-style/fashion/hm-greenwashing-sustainable-circulose-venetia-falconer-manna-a9312566.html,greenwashing
e8gnw8,"Climate activists sabotage electric scooters in French cities – Environmental activists in Paris, Lyon and Bordeaux have put 3,600 electric scooters temporarily out of service in a protest over 'greenwashing'",sponserus,23,31,0.8,2019-12-09 22:51:41,worldnews,https://www.thelocal.fr/20191209/extinction-rebellion-activists-sabotage-electric-scooters-in-french-cities/,greenwashing
a4l4xj,"No such thing as sustainable palm oil – 'certified' can destroy even more wildlife, say scientists - Study reveals 'trick' behind endorsement schemes linked to 'greenwashing’",ManiaforBeatles,331,8600,0.96,2018-12-09 14:57:47,worldnews,https://www.independent.co.uk/news/world/asia/palm-oil-sustainable-certified-plantations-orangutans-indonesia-southeast-asia-greenwashing-purdue-a8674681.html,greenwashing
e4x2jf,Fossil fuel lobbyists push to dilute EU anti-greenwash plan - Fossil fuel lobbyists are trying to water down planned EU rules to stop “investment greenwashing’ by setting science-based criteria for any investment which lays claim to being environmentally sustainable.,ManiaforBeatles,3,52,0.81,2019-12-02 11:09:50,worldnews,https://www.theguardian.com/environment/2019/dec/02/fossil-fuel-lobbyists-push-to-dilute-eu-anti-greenwash-plan,greenwashing
ezkskk,Ryanair has been accused of greenwashing after the UK advertising watchdog banned an ad campaign claiming that the airline has the lowest carbon emissions of any major airline in Europe.,ManiaforBeatles,0,4,0.59,2020-02-06 02:54:54,worldnews,https://www.theguardian.com/business/2020/feb/05/ryanair-accused-of-greenwash-over-carbon-emissions-claim,greenwashing
dioevd,Scottish ministers face criticism for £5m Shell tree-planting scheme - Government accused of greenwashing after accepting funding from oil firm,ManiaforBeatles,2,12,0.73,2019-10-16 14:10:14,worldnews,https://www.theguardian.com/politics/2019/oct/15/scottish-ministers-face-criticism-shell-tree-planting-scheme,greenwashing
6kj5ed,"Beef (and Burger King) still eating away at forests: Burger King has pledged to stop deforestation by 2030 - that's just greenwashing, environmental activists say. Suppliers for the fast food chain are still responsible for deforestation in South America.",symonsymone,256,4548,0.92,2017-07-01 00:00:10,worldnews,http://www.dw.com/en/beef-and-burger-king-still-eating-away-at-forests/a-39485275,greenwashing
iu3szq,US scientists estimate the total amount of synthetic microfibres going into the wider environment as we wash our clothes to be 5.6 million tonnes since we first started wearing those polyester and nylon garments in a big way in the 1950s.,NinjaDiscoJesus,12,53,0.81,2020-09-16 22:21:32,worldnews,https://www.bbc.com/news/science-environment-54182646,greenwashing
iywji1,The daring plan to save the Arctic ice with glass,TonyChanYT,3,9,0.66,2020-09-24 14:43:45,worldnews,https://www.bbc.com/future/article/20200923-could-geoengineering-save-the-arctic-sea-ice,greenwashing
2i9shd,"WWF International, the world's largest conservation group, has been accused of ""selling its soul"" by forging alliances with powerful businesses which destroy nature & use the WWF brand to ""greenwash"" their operations.",anutensil,61,689,0.9,2014-10-04 14:29:38,worldnews,http://www.theguardian.com/environment/2014/oct/04/wwf-international-selling-its-soul-corporations,greenwashing
gz1a8x,Canadian company transforms garbage into renewable diesel,Westloki,3,29,0.85,2020-06-08 17:20:30,worldnews,https://www.theweathernetwork.com/ca/news/article/calgary-company-transforms-garbage-into-renewable-diesel,greenwashing
252kmf,"Indonesian 'legal' timber scheme could be greenwashing illegal products, NGOs warn",jms1225,0,23,0.84,2014-05-08 22:30:32,worldnews,http://news.mongabay.com/2014/0407-dparker-svlk-indonesia.html,greenwashing
3ne20y,Indigenous peoples bear the brunt of global greenwash,norristh,0,1,0.6,2015-10-04 00:14:44,worldnews,http://www.theecologist.org/campaigning/2985426/indigenous_peoples_bear_the_brunt_of_global_greenwash.html,greenwashing
8wfsm,"Royal Dutch Shell , The Devil’s Excrement and Greenwash; Shell's $15.5 million settlement in the Nigeria lawsuit is letting them off far too easy.",BBE1965,2,6,0.75,2009-06-28 20:49:30,worldnews,http://open.salon.com/blog/padraig_colman/2009/06/27/os_sponsorship_shell_the_devils_excrement_and_greenwash,greenwashing
7lez6,First Greenwash Awards,GreenVal,1,1,0.54,2008-12-24 02:50:35,worldnews,http://www.greenmuze.com/news/recent-news/681-first-greenwash-awards.html,greenwashing
c11ps,"Protesters targeted IIW because it was part of a state-sponsored campaign to “greenwash” Israel’s discriminatory, apartheid regime and atrocious human rights record",ss6sam6,0,1,0.57,2010-05-07 14:44:45,worldnews,http://boston.indymedia.org/feature/display/210522/index.php,greenwashing
9m2bip,Is Goldman Sachs’ new fund really just greenwashing stocks?,Administrative_Soil,0,8,0.84,2018-10-07 05:52:00,finance,https://www.theguardian.com/business/2018/sep/28/is-goldman-sachs-new-fund-really-just-greenwashing-stocks,greenwashing
fhp6ny,"Making an entirely sustainable clothes with no compromises is hard. The margins are too thin to go wholesale, that's why we are crowdfunding our all-natural, all-weather jacket, made in Sweden from Swedish wool.",of_known_provenance,9,10,0.92,2020-03-13 00:42:01,kickstarter,https://www.reddit.com/r/kickstarter/comments/fhp6ny/making_an_entirely_sustainable_clothes_with_no/,greenwashing
in300b,Trump Is Trying to Greenwash His Appalling Environmental Record Before the Election,TrumpSharted,7,243,0.98,2020-09-05 17:27:27,politics,https://www.motherjones.com/politics/2020/09/trump-is-trying-to-greenwash-his-appalling-environmental-record-before-the-election/,greenwashing
in0bx9,Trump Is Desperately Trying To Greenwash His Record Ahead Of The Election,newnemo,3,66,0.89,2020-09-05 14:31:37,politics,https://www.huffpost.com/entry/trump-greenwash-2020-election_n_5f517246c5b6578026cb8829?ref=hvper.com&utm_source=hvper.com&utm_medium=website,greenwashing
i3oicc,"Trump, America's Anti-Nature President, Greenwashes Conservation Record",prohb,3,37,0.83,2020-08-04 20:14:24,politics,https://www.huffpost.com/entry/trump-signs-public-lands-bill_n_5f246580c5b6a34284ba7f58,greenwashing
fcc9ln,'Greenwashing': are Republicans sincere about climate legislation? | Bills to meet environmental targets while feeding industry have the right pushing back and experts unconvinced,pnewell,4,58,0.85,2020-03-02 14:45:03,politics,https://www.theguardian.com/environment/2020/mar/02/greenwashing-house-republicans-climate-legislation?utm_campaign=Hot%20News&utm_source=hs_email&utm_medium=email&utm_content=84117330&_hsenc=p2ANqtz--HDaChxw6sPku0Ux5E1HLMh5z8OyjYW20F1_QqEOfTraxz2wC1RQF__uSLT848wYM0ddSNJD5CmyQL0cc38_lY8p_5WQ&_hsmi=84117330,greenwashing
cgbn19,The Worst Environmentalists in the World: The New York chapter of the League of Conservation Voters is a cesspool of fossil fuel greenwashing.,john_brown_adk,63,946,0.95,2019-07-22 12:46:11,politics,https://jacobinmag.com/2019/07/league-of-conservation-voters-fossil-fuel-climate-change-corruption/,greenwashing
jvw3v9,The 'war on coal' is over. The next climate battle has just begun,Sammy_Roth,8,70,0.92,2020-11-17 17:33:02,politics,https://www.latimes.com/business/story/2020-11-17/climate-change-gas-biden-moniz,greenwashing
dlh7x7,"The Climate Crisis: Ignored By Trump, Greenwashed by Big Oil",besselfunctions,5,167,0.98,2019-10-22 14:28:49,politics,https://www.wbur.org/cognoscenti/2019/10/22/climate-change-g7-meeting-miami-trump-frederick-hewett,greenwashing
ceyjq9,The Worst Environmentalists in the World | The New York chapter of the League of Conservation Voters is a cesspool of fossil fuel greenwashing.,IgnisDomini,5,50,0.85,2019-07-18 23:29:16,politics,https://jacobinmag.com/2019/07/league-of-conservation-voters-fossil-fuel-climate-change-corruption,greenwashing
bijw4r,States Are Using Taxpayer Money to Greenwash Dirty Nuclear Power,dongasaurus_prime,14,0,0.47,2019-04-29 05:28:01,politics,https://newrepublic.com/article/153675/states-using-taxpayer-money-greenwash-dirty-nuclear-power,greenwashing
5x4kdg,"Ivanka Trump isn’t greening her dad, she’s greenwashing him",xrm67,1,26,0.78,2017-03-02 18:27:42,politics,https://thinkprogress.org/ivanka-trump-isnt-greening-her-dad-753f140603cc#.24jsqw3ws,greenwashing
797wy,"After Greenwashing His Climate Record, Sen. Sununu Reveals His True ‘Drill Here’ Mentality To Glenn Beck",Mendokusai,0,9,1.0,2008-10-24 23:36:33,politics,http://thinkprogress.org/2008/10/24/sununu-global-warming/,greenwashing
2ztf1,"Vote this up if you think electing a super-rich, greenwashed, pro-nuke, neoliberal war criminal (Al Gore) is a good idea",oilmonkey,8,0,0.47,2007-10-13 22:02:02,politics,http://politics.reddit.com/info/2zeng/comments/c2ztee,greenwashing
co2s2,"Hot Rhetoric, Hollow Reform. ""The way the Wash. Post reported the story, Congress has finally pushed through 'tougher' off-shore drilling regulations for oil companies...In the real world, the proposed measures will serve mostly as election-year greenwashing, with little genuine impact.""",stiff9702,1,5,0.67,2010-07-10 17:45:18,politics,http://www.counterpunch.org/ridgeway07092010.html,greenwashing
c02r4,BP’s Image Coated in Sludge After Years of Greenwashing.,boforomby,1,2,0.57,2010-05-04 21:37:06,politics,http://unsilentgeneration.com/2010/05/04/bps-image-coated-in-sludge-after-years-of-greenwashing/,greenwashing
cw2ug,Big Oil's PR machine takes a hit over celeb-backed greenwash,dulieu,1,8,0.65,2010-08-01 13:55:19,politics,http://www.independent.co.uk/news/world/americas/big-oils-pr-machine-takes-a-hit-over-celebbacked-greenwash-2040620.html,greenwashing
a7dr6,"""Greenwashing"": we use more efficient refrigerators, and yet still generate several billion pounds of packaging that goes right into the trash.",mayonesa,0,0,0.5,2009-11-23 20:18:16,politics,http://news.yahoo.com/s/ap/20091123/ap_on_bi_ge/eu_germany_mcdonalds,greenwashing
61z5v,"""Pink is Green, This Light Bulb is Worth a Million Cars, and My Refinery is Spiffy"" Greenwash Bullshit from Owens-Corning, Wal-Mart, and Marathon Oil",mrsns,1,3,0.72,2007-12-03 02:47:09,politics,http://shotgunsandsweetpotatoes.typepad.com/my_weblog/,greenwashing
6juy8,"Greenwashing McCain (So bad, it's kinda awesome.)",Flemlord,0,0,0.43,2008-05-18 21:11:44,politics,http://www.rollingstone.com/nationalaffairs/index.php/2008/05/14/greenwashing-mccain/,greenwashing
89k3j,"The EPA ""Greenwashes"" Its Earth Day Website...",littlebuddha2004,0,1,0.57,2009-04-02 22:16:34,politics,http://outtheotherear.wordpress.com/2009/04/02/now-in-revisionist-earth-day-history/,greenwashing
61g69,The Worst EU Lobbying and Greenwash Awards 2007 at Oil Change,Moldavite,0,0,0.5,2007-11-26 17:31:13,politics,http://priceofoil.org/2007/11/16/vote-in-the-worst-eu-lobbying-and-greenwash-awards-2007/,greenwashing
etrar,"Dear average American taxpayer ! 

",lostlyrics,6,4,0.57,2010-12-30 19:33:08,politics,https://www.reddit.com/r/politics/comments/etrar/dear_average_american_taxpayer/,greenwashing
75o4c,A bunch of multinationals have figured out how to make their pollution-based businesses seem like the solution to the climate crisis,rmuser,1,2,0.75,2008-10-07 11:44:18,politics,http://www.alternet.org/workplace/100845/corporations_have_big_plans_to_profit_from_global_warming/?page=entire,greenwashing
e4154,"First Nations representatives undo greenwashing tactics of Alberta and Federal governments 
during European Union tour of tar sands",williamshatnersvoice,3,18,0.78,2010-11-10 15:22:41,canada,http://www.canadians.org/media/energy/2010/05-Nov-10-2.html,greenwashing
2ib26j,See what yes is doing. Are you falling for Suncor's greenwashing?,Moos_Mumsy,2,1,0.52,2014-10-04 23:23:27,canada,http://www.youtube.com/attribution_link?a=a1C-e9jfeZI&u=%2Fwatch%3Fv%3DkD-o365UbRA%26feature%3Dshare,greenwashing
domk2,How Greenwashing Corporations can exploit Ontario's self-inflated electricity rates to sop up the costs of their own Green PR efforts...Thanks Dalton!,JoFerg,0,8,0.76,2010-10-08 18:40:57,canada,http://fullcomment.nationalpost.com/2010/10/07/fps-terence-corcoran-power-failure/,greenwashing
b0tqp,Boycott of oil sands fuel called &lsquo;greenwashing' - The Globe and Mail,williamshatnersvoice,0,0,0.25,2010-02-11 14:50:54,canada,http://www.theglobeandmail.com/report-on-business/industry-news/energy-and-resources/boycott-of-oil-sands-fuel-called-greenwashing/article1463553/?utm_source=feedburner&utm_medium=feed&utm_campaign=Feed:%20TheGlobeAndMail-Front%20%28The%20Globe%20and%20Mail%20-%20Latest%20News%29,greenwashing
gjftg,Greenwashed Alberta Land Use Plan Protects Tar Sands and Timber Interests Over Athabascan Environment,yellowcakewalk,2,2,0.56,2011-04-06 00:15:34,canada,http://www.desmogblog.com/greenwashed-alberta-land-use-plan-protects-tar-sands-and-timber-interests-over-athabascan-environment,greenwashing
eb5mq,Put a CAPP on Tar Sands Greenwashing | Greenpeace Canada,williamshatnersvoice,0,3,0.61,2010-11-24 17:15:12,canada,http://www.greenpeace.org/canada/en/Blog/put-a-capp-on-tar-sands-greenwashing/blog/28380,greenwashing
i3mh5,A great way for Canadians to 'Greenwash' their dirty tar-sands image...,JoFerg,1,0,0.29,2011-06-19 18:02:55,canada,http://environauts.wordpress.com/2010/11/02/recycling-power-from-old-industries/,greenwashing
3pnhm7,Please DON'T make Elizabeth May Minister of the Environment,bopollo,451,953,0.87,2015-10-21 18:34:13,canada,https://www.reddit.com/r/canada/comments/3pnhm7/please_dont_make_elizabeth_may_minister_of_the/,greenwashing
48zcrz,Canada has a secret weapon in the war to crush Saudi Arabia for market share: Clean oil,Major9000,11,9,0.61,2016-03-04 22:15:18,canada,http://business.financialpost.com/news/energy/canada-has-a-secret-weapon-in-the-war-to-crush-saudi-arabia-for-market-share-clean-oil?utm_source=dlvr.it&utm_medium=twitter&__lsa=267e-53f0,greenwashing
466vsq,Premiers’ Performance: Notley’s job approval tumbles as Alberta’s economy deteriorates - New poll,daveko12,4,1,0.56,2016-02-17 07:03:04,canada,http://angusreid.org/premier-approval-february2016/,greenwashing
g8wyl,Natural gas the next ‘green hope’,williamshatnersvoice,1,1,0.6,2011-03-22 15:26:52,canada,http://www.theglobeandmail.com/report-on-business/commentary/gwyn-morgan/natural-gas-the-next-green-hope/article1948906/?utm_medium=Feeds%3A%20RSS%2FAtom&utm_source=Home&utm_content=1948906,greenwashing
2i6ajp,Monsanto gift to nature center prompts charge of 'greenwashing': Activists say company just trying to polish its image on environment,frescanada,29,37,0.74,2014-10-03 11:20:55,news,http://www.theday.com/article/20140930/NWS01/309309922/Monsanto-gift-to-nature-center-prompts-charge-of-%27greenwashing%27,greenwashing
8owne,"The ultimate ""greenwash"". Military to make imperialism more ""eco-friendly"".",yellowcakewalk,0,3,0.66,2009-06-01 17:54:13,news,http://globalwarming.change.org/blog/view/the_military_responds_to_global_warming,greenwashing
glmmom,BP chief executive says Covid-19 crisis has 'convinced him more than ever' of importance of company pledge to reach net-zero carbon emissions,Wagamaga,17,149,0.77,2020-05-17 22:24:22,technology,https://inews.co.uk/news/business/bp-chief-executive-more-convinced-than-ever-net-zero-emissions-2856036,greenwashing
11lw8i,Apple’s latest unsustainable design was just greenlighted by the Electronic Product Environmental Assessment Tool registry (EPEAT). And it’s a clear case of greenwashing.,random_2,3,2,0.56,2012-10-17 04:33:21,technology,http://www.wired.com/opinion/wp-content/uploads//2012/10/gummyresidue.jpg,greenwashing
71weo,How the Web Can Help You Fight Greenwashing,digitalfever,0,4,0.76,2008-09-17 10:45:04,technology,http://www.businessweek.com/technology/content/sep2008/tc20080916_633402.htm?campaign_id=rss_tech,greenwashing
7l4be,Dell vs. Apple: Calling Apple's Bluff on Greenwashing,kuato,1,2,0.54,2008-12-22 18:51:24,technology,http://www.treehugger.com/files/2008/12/dell-says-apple-is-greenwashing-its-gear.php,greenwashing
8ndvc1,The carbon-eating tower is rising in the East,The1stCitizenOfTheIn,5,17,0.76,2018-05-31 03:01:19,technology,https://www.cnn.com/style/article/vincent-callebaut-tao-zhu-yin-yuan/index.html,greenwashing
e9lqmy,Greenwashing Concerns Soar as Companies Vow to Clean Emissions. Companies are acting at at a time when political leadership on the environment has wobbled in many nations. 786 businesses owning a combined $4 trillion in assets to reduce emissions in line of the Paris Agreement.,Wagamaga,0,20,0.84,2019-12-12 11:03:27,Futurology,https://www.bnnbloomberg.ca/greenwashing-concerns-soar-as-companies-vow-to-clean-emissions-1.1361437,greenwashing
hv2osx,"Microsoft, Nike, Starbucks Unilever and Danone are teaming up in a new consortium devoted to sharing resources and tactics for slashing carbon emissions, bringing together the efforts of some of the biggest global companies that have pledged to take action against climate change.",Wagamaga,8,135,0.92,2020-07-21 08:54:00,Futurology,https://www.thenational.ae/business/economy/global-giants-microsoft-nike-and-unilever-announce-carbon-neutral-group-1.1052220,greenwashing
5xpofv,"Forest Cities: Critique of Tree-Covered Urban Architecture to Combat Smog in China - ""It makes sense to think about how cities can go green, but adding thick and lush greenery to the sides of buildings risks being an act of greenwashing more than one of sustainable design.""",CapnTrip,3,11,0.87,2017-03-05 23:55:32,Futurology,http://weburbanist.com/2017/03/02/forest-cities-tree-covered-urban-architecture-to-combat-smog-in-china/,greenwashing
6agn2s,How to Beat the Greenwashing Lie,SuccessfulOperation,2,1,0.6,2017-05-11 02:06:51,Futurology,https://gearpatrol.com/2017/05/10/big-how-to-beat-the-greenwashing-lie/,greenwashing
hronpz,Report: Push for Renewable Natural Gas Is More Gas Industry 'Greenwashing'. These fuels pitched as “renewable ” and environmentally friendly alternatives to fossil gas amount to a PR campaign meant to distract from efforts to convert the building sector to all electric power.,mafco,2,24,0.76,2020-07-15 16:34:16,RenewableEnergy,https://www.desmogblog.com/2020/07/14/report-renewable-natural-gas-buildings-greenwashing,greenwashing
8xntvn,Is Wireless Phone Giant Using Hawaii To Greenwash Its Image? An environmental group says a national ad by Verizon Communications misleads viewers about the company’s policies.,madazzahatter,0,12,0.85,2018-07-10 12:40:43,RenewableEnergy,https://www.civilbeat.org/2018/07/is-wireless-phone-giant-using-hawaii-to-green-wash-its-image/,greenwashing
ie9yn,Cutting-edge search giant Google doesn't greenwash when it comes to sustainability. The company has invested billions of dollars in clean energy developments through renewable energy and transmission projects all across the country,greentechdude,2,21,0.9,2011-07-01 17:36:39,RenewableEnergy,http://www.renewableenergyworld.com/rea/news/article/2011/07/zeroing-in-on-zero-googles-foray-into-utility-land,greenwashing
u3l40,Goldman renewable energy dash is more than a greenwash.,ttruth1,1,21,1.0,2012-05-25 01:33:14,RenewableEnergy,http://www.slate.com/blogs/breakingviews/2012/05/24/goldman_renewable_energy_dash_is_more_than_a_greenwash_.html,greenwashing
maokw,EDF named and shamed for its greenwash. French nuclear energy giant has launched 'Green Britain Day'- but EDF is not green and it's not British. It spends £20m on marketing Green Britain Day which is more than its annual spend on investing in new green energy. ,BlueRock,0,8,0.71,2011-11-13 14:01:13,RenewableEnergy,http://greenhousepr.co.uk/blog/show/edf-named-and-shamed-for-its-greenwash/,greenwashing
dqxo4,New greenwashing guides for renewable energy,Vailhem,1,10,1.0,2010-10-14 02:54:39,RenewableEnergy,http://www.smartplanet.com/business/blog/intelligent-energy/new-greenwashing-guides-for-renewable-energy/3080/,greenwashing
7d5858,If renewable energy isn't the only way to save our planet - what else is?,LotusAna,53,25,0.92,2017-11-15 17:29:02,RenewableEnergy,https://www.reddit.com/r/RenewableEnergy/comments/7d5858/if_renewable_energy_isnt_the_only_way_to_save_our/,greenwashing
2ms1gv,Renewable energy can boost a mining company’s bottom line,thenergynet,10,2,0.67,2014-11-19 16:48:27,RenewableEnergy,http://www.worldcoal.com/news/power/articles/World-Coal-Renewable-energy-can-boost-a-mining-companys-bottom-line-coal1591.aspx#.VGy7o7aajSc.reddit,greenwashing
eqzx9,Another way to determine the potential for renewable (and nuclear) energy: take a look at what Koch Industries' propaganda department is saying.,BlueRock,2,4,0.62,2010-12-24 19:16:58,RenewableEnergy,https://www.reddit.com/r/RenewableEnergy/comments/eqzx9/another_way_to_determine_the_potential_for/,greenwashing
7sqaqf,iExec and Stimergy join together for greener cloud and blockchain computing,mesra,1,5,0.78,2018-01-24 21:55:12,CryptoCurrency,https://www.cryptoninjas.net/2018/01/24/iexec-stimergy-join-together-greener-cloud-blockchain-computing/,greenwashing
jqvllf,‘Hypocrites and greenwash’: Greta Thunberg blasts leaders over climate crisis,Facerealityalready,117,2159,0.96,2020-11-09 11:56:36,environment,https://www.theguardian.com/environment/2020/nov/09/hypocrites-and-greenwash-greta-thunberg-climate-crisis,greenwashing
jx7fyf,Net zero emissions targets are everywhere – we need to sort the genuine from the greenwash,altmorty,1,3,1.0,2020-11-19 18:50:51,environment,https://theconversation.com/net-zero-emissions-targets-are-everywhere-we-need-to-sort-the-genuine-from-the-greenwash-150127,greenwashing
jlh7wv,Is apple's move to not sell chargers and boxes with phones just a cost saving strategy which they are using to greenwash people as well???,bringbackgreen,3,4,0.7,2020-10-31 14:03:08,environment,https://www.reddit.com/r/environment/comments/jlh7wv/is_apples_move_to_not_sell_chargers_and_boxes/,greenwashing
jlh5oi,"Brain washing - greenwashing!!!! Fakeeee stuff sucks, dont fall for the bait read the link below",bringbackgreen,1,3,0.71,2020-10-31 13:58:12,environment,https://www.bringingbackgreen.com/post/what-is-green-washing-how-to-avoid-it,greenwashing
i3ok8s,"Trump, America's Anti-Nature President, Greenwashes Conservation Record",prohb,2,49,0.94,2020-08-04 20:17:15,environment,https://www.huffpost.com/entry/trump-signs-public-lands-bill_n_5f246580c5b6a34284ba7f58,greenwashing
hr7to7,Report: Push for Renewable Natural Gas Is More Gas Industry 'Greenwashing',Candyapplecore,0,14,0.94,2020-07-14 21:13:07,environment,https://www.desmogblog.com/2020/07/14/report-renewable-natural-gas-buildings-greenwashing,greenwashing
hlk4if,What is greenwashing and why is it a problem? | Euronews Living,eggleandfloopert,1,3,1.0,2020-07-05 11:55:05,environment,https://www.euronews.com/living/2020/07/04/what-is-greenwashing-and-why-is-it-a-problem,greenwashing
h9h52g,UK Government Announces ‘Jet Zero Council’ but is it Really Possible or Just Greenwash?,MikeShaughnessy,0,5,1.0,2020-06-15 16:13:36,environment,http://londongreenleft.blogspot.com/2020/06/uk-government-announces-jet-zero.html,greenwashing
h9otzw,Low-carbon liquids: Greenwash or a solution for climate neutrality?,sn0r,0,1,1.0,2020-06-15 23:02:21,environment,https://www.euronews.com/2020/06/15/low-carbon-liquids-greenwash-or-a-solution-for-climate-neutrality,greenwashing
exnasn,H&M accused of ‘greenwashing’ over plans to make clothes from sustainable fabric,CharyBrown,2,48,0.91,2020-02-02 12:42:42,environment,https://www.independent.co.uk/life-style/fashion/hm-greenwashing-sustainable-circulose-venetia-falconer-manna-a9312566.html,greenwashing
fi35ch,The Green Starbucks Cup: Green or Greenwashing?,tdgoddard,0,14,0.95,2020-03-13 19:18:03,environment,https://greenthatlife.com/green-starbucks-cup-green-or-greenwashing/,greenwashing
fcb2eg,'Greenwashing': are Republicans sincere about climate legislation? - Bills to meet environmental targets while feeding industry have the right pushing back & experts unconvinced,anutensil,0,21,1.0,2020-03-02 13:03:38,environment,https://www.theguardian.com/environment/2020/mar/02/greenwashing-house-republicans-climate-legislation,greenwashing
f4v14i,Scottish Power launches 100% green energy tariff: Firm aims to stand out from ‘greenwashing’ deals misleading consumers,harfyi,1,29,0.98,2020-02-16 19:46:56,environment,https://www.theguardian.com/business/2020/feb/16/scottish-power-launches-new-100-green-energy-tariff,greenwashing
bhkov2,"My new hobby: calling out greenwashing on Twitter. In this case, Nestlé proudly announces to care about deforestation but then stops responding when I point out their hypocrisy",love_rules_forever,48,629,0.99,2019-04-26 12:16:47,environment,https://twitter.com/Nestle/status/1120436132615983106,greenwashing
fcc9pa,'Greenwashing': are Republicans sincere about climate legislation? | Bills to meet environmental targets while feeding industry have the right pushing back and experts unconvinced,pnewell,0,6,0.88,2020-03-02 14:45:17,environment,https://www.theguardian.com/environment/2020/mar/02/greenwashing-house-republicans-climate-legislation?utm_campaign=Hot%20News&utm_source=hs_email&utm_medium=email&utm_content=84117330&_hsenc=p2ANqtz--HDaChxw6sPku0Ux5E1HLMh5z8OyjYW20F1_QqEOfTraxz2wC1RQF__uSLT848wYM0ddSNJD5CmyQL0cc38_lY8p_5WQ&_hsmi=84117330,greenwashing
fm0qhw,Shell's Latest Annual Report: More Greenwashing?,Candyapplecore,0,2,0.75,2020-03-20 21:09:04,environment,https://www.desmogblog.com/2020/03/19/shell-s-latest-annual-report-more-greenwashing,greenwashing
emzm5t,Greenwashing Alert: H&M and Billie Eilish Collaboration,EcoStylist,0,6,1.0,2020-01-11 01:04:47,environment,https://www.eco-stylist.com/greenwashing-alert-hm-and-billie-eilish-collaboration/,greenwashing
ez5s14,Ryanair accused of greenwash over carbon emissions claim | Business,nrtlbwlitw,0,5,1.0,2020-02-05 08:24:54,environment,https://www.theguardian.com/business/2020/feb/05/ryanair-accused-of-greenwash-over-carbon-emissions-claim,greenwashing
91gnjq,"TIL: What could be wrong with building a hotel & housing development for 2,000 people in Louisiana’s vanishing wetlands? “This is greenwashing at its worst. They can’t brainwash us to think it is a green project just because they are throwing the word ‘ecotourism’ around.”",anutensil,27,829,0.97,2018-07-24 13:44:13,environment,https://truthout.org/articles/in-louisianas-vanishing-wetlands-a-promise-of-ecotourism-that-locals-say-reeks/,greenwashing
cokva2,Is Google greenwashing with its vows to make sustainability a centerpiece of its hardware business?,bsl12,4,13,0.85,2019-08-10 19:22:54,environment,https://therising.co/2019/08/10/is-google-greenwashing-with-its-vows-to-make-sustainability-a-centerpiece-of-its-hardware-business/,greenwashing
jr1u4d,Regrowing forests may be the ‘single largest natural climate solution’,Domewrite,1,16,0.9,2020-11-09 18:22:34,environment,https://www.euronews.com/living/2020/11/09/regrowing-forests-may-be-the-single-largest-natural-climate-solution,greenwashing
ea71wy,Youth Activist to Chilean Leaders: Don’t Use the UN Climate Talks to Greenwash Your Repression of Us,DistrictGreen,0,20,0.93,2019-12-13 18:34:12,environment,http://inthesetimes.com/article/22213/youth-activist-chile-climate-repression-united-nations-protests,greenwashing
c9uaom,"H&M's sustainability efforts slammed by regulators, labeled ""greenwashing"" in latest PR disaster",bsl12,0,27,0.9,2019-07-06 16:41:23,environment,https://therising.co/2019/07/06/hm-sustainability-efforts-slammed-by-regulators-greenwashing-pr-disaster/,greenwashing
d5299s,6 Greenwashing Schemes That Show Corporations Will Never Lead on Climate,Cadet-Bone-Spurs,0,10,0.92,2019-09-16 17:29:51,environment,https://inthesetimes.com/article/21995/6-corporate-climate-schemes-bp-cargill-fedex-virgin-adm-bunge-fiji,greenwashing
bijwij,States Are Using Taxpayer Money to Greenwash Dirty Nuclear Power,dongasaurus_prime,10,7,0.64,2019-04-29 05:28:47,environment,https://newrepublic.com/article/153675/states-using-taxpayer-money-greenwash-dirty-nuclear-power,greenwashing
ceueuu,Zara makes a bold commitment to sustainability. Is it greenwashing?,bsl12,0,6,0.99,2019-07-18 18:05:18,environment,https://therising.co/2019/07/18/zara-makes-a-bold-commitment-to-sustainability-is-it-greenwashing/,greenwashing
d7ya5g,Green bond rise may slow as EU states seek more clout over greenwashing,open_risk,0,0,0.5,2019-09-23 01:27:49,environment,https://www.reuters.com/article/us-eu-finance-climate-idUSKBN1W413N,greenwashing
bgpokj,"How nuclear plants are gaming climate-change rules: ""The nuclear subsidy schemes are an elaborate greenwashing that neither returns money to the public nor further reduces carbon emissions.""",dongasaurus_prime,1,15,0.86,2019-04-24 05:18:14,environment,https://www.politico.com/agenda/story/2019/04/23/nuclear-energy-climate-change-000893,greenwashing
iqqkcr,"In rare bipartisan climate agreement, senators forge plan to slash use of potent greenhouse gas - “This agreement protects both American consumers and American businesses,” said Sen. John Barrasso (R-Wyo.)",EcoMonkey,1,12,0.87,2020-09-11 15:34:06,environment,https://www.washingtonpost.com/climate-environment/2020/09/10/rare-bipartisan-climate-agreement-senators-forge-plan-slash-use-potent-greenhouse-gas/,greenwashing
jjph5t,Are e-bikes an important tool for fighting climate change...,eoflynn,2,3,0.68,2020-10-28 17:07:49,environment,https://www.reddit.com/r/environment/comments/jjph5t/are_ebikes_an_important_tool_for_fighting_climate/,greenwashing
is3hpo,Is BP Finally Committing to Ambitious Climate Action—or About to Fool Us Twice? Five Things to Look For in Its Climate Strategy,speakhyroglyphically,2,10,0.92,2020-09-13 20:18:55,environment,https://www.commondreams.org/views/2020/09/13/bp-finally-committing-ambitious-climate-action-or-about-fool-us-twice-five-things,greenwashing
hgtrkq,"Unilever has announced plans to track the carbon footprint of 70,000 products with new ‘carbon labels’, giving consumers unprecedented visibility into the manufacture and shipping of its products.",Wagamaga,6,192,0.97,2020-06-27 15:45:49,environment,https://www.globaldata.com/unilever-set-to-leverage-carbon-neutral-buzz-word-post-covid-19-says-globaldata/,greenwashing
j1b856,Stop the greenwasing in ESG?,richardsmith911,2,2,1.0,2020-09-28 14:40:09,environment,https://www.reddit.com/r/environment/comments/j1b856/stop_the_greenwasing_in_esg/,greenwashing
a3s2j6,"'Green is Great': Coal, Oil, and Greenwash at the UN Climate Talks",kgrandia,0,6,0.87,2018-12-06 21:43:00,environment,https://www.desmogblog.com/2018/12/06/cop24-touring-greenwash-trade-fair-un-climate-talks,greenwashing
ap1m8s,Dozens of companies launch US$1 billion bid to end plastic pollution in Asia but environmentalists dismiss it as ‘greenwashing’ stunt,vigorous,0,2,0.6,2019-02-10 07:46:41,environment,https://beta.scmp.com/news/asia/southeast-asia/article/2185534/dozens-companies-launch-us1-billion-bid-end-plastic,greenwashing
2fcqll,Greenwashing Virginia Utility is Member of Pro-Pollution Group ALEC - It's immoral what energy company Dominion Resources is doing through its support of the pro-pollution corporate bill mill & slush fund known as the American Legislative Exchange Council (ALEC). It's time for them to stop.,anutensil,24,263,0.95,2014-09-03 15:12:31,environment,http://thinkprogress.org/climate/2014/09/02/3477856/dominion-virginia-alec/,greenwashing
hd7b08,Who is really to blame for climate change?,TheGabnor,5,3,0.64,2020-06-21 15:54:47,environment,https://www.bbc.com/future/article/20200618-climate-change-who-is-to-blame-and-why-does-it-matter,greenwashing
e7059,"Greenwashing: ""1% of your purchase will be donated to a vague non-profit run by our marketing department.""",BlueRock,59,391,0.94,2010-11-16 16:55:44,environment,http://www.flickr.com/photos/lunchbreath/5163959924/lightbox/,greenwashing
ah8xn9,How Illegally Harvested Timber Is ‘Greenwashed’ in China,youguanbumen,0,1,0.67,2019-01-18 10:52:38,environment,http://www.sixthtone.com/news/1003369/how-illegally-harvested-timber-is-greenwashed-in-china,greenwashing
9is84n,(Question) What is really greenwashing? Can you give me some specific companies?,jan1236789,0,1,1.0,2018-09-25 15:42:55,environment,https://www.reddit.com/r/environment/comments/9is84n/question_what_is_really_greenwashing_can_you_give/,greenwashing
hsw0rn,"Saudi Aramco and Exxon join supermajors, representing a 3rd of the industry, to curb emissions at own operations",grant_schreider,2,2,0.67,2020-07-17 15:50:38,environment,https://www.reddit.com/r/environment/comments/hsw0rn/saudi_aramco_and_exxon_join_supermajors/,greenwashing
7h2kab,'Greenwashing' is the latest tourist trap — here's how to avoid it: a company can be accused of greenwashing when it “spends more time and money claiming to be “green” through advertising and marketing than actually implementing business practices that minimize environmental impact.”,mvea,2,24,0.84,2017-12-02 14:15:06,environment,http://www.businessinsider.com/greenwashing-is-the-latest-tourist-trap-heres-how-to-avoid-it-2017-12/?r=AU&IR=T,greenwashing
8xzgtd,“Fifa accused of greenwashing in World Cup carbon offset scheme”,PoseidonFoundation,0,1,1.0,2018-07-11 15:14:41,environment,https://www.reddit.com/r/environment/comments/8xzgtd/fifa_accused_of_greenwashing_in_world_cup_carbon/,greenwashing
8xntt6,Is Wireless Phone Giant Using Hawaii To Greenwash Its Image? An environmental group says a national ad by Verizon Communications misleads viewers about the company’s policies.,madazzahatter,0,8,1.0,2018-07-10 12:40:28,environment,https://www.civilbeat.org/2018/07/is-wireless-phone-giant-using-hawaii-to-green-wash-its-image/,greenwashing
93sknk,Greenwashing Over Our Plastic Pollution Epidemic,tetonpassboarder,0,1,0.67,2018-08-01 22:16:43,environment,https://mtnweekly.com/mountain-lifestyle/greenwashing-over-our-plastic-pollution-epidemic/,greenwashing
hr6wca,South Korea to spend $95bn on ‘green projects’ to boost economy after coronavirus,altmorty,2,4,0.84,2020-07-14 20:24:54,environment,https://www.independent.co.uk/news/world/asia/south-korea-green-new-deal-economy-coronavirus-a9617691.html,greenwashing
hr61kw,Burger King addresses climate change by changing cows' diets,holyfruits,1,6,0.76,2020-07-14 19:41:10,environment,https://apnews.com/2adf5a4646fbf4883af89a52061f9667,greenwashing
maokx,EDF named and shamed for its greenwash. French nuclear energy giant has launched 'Green Britain Day'- but EDF is not green and it's not British. It spends £20m on marketing Green Britain Day which is more than its annual spend on investing in new green energy. ,BlueRock,40,111,0.85,2011-11-13 14:01:20,environment,http://greenhousepr.co.uk/blog/show/edf-named-and-shamed-for-its-greenwash/,greenwashing
8bj97y,How Shell Greenwashed its Image as Internal Documents Warned of Fossil Fuels' Contribution to Climate Change,cleantechnerd,1,12,0.85,2018-04-11 20:13:31,environment,https://www.desmog.co.uk/2018/04/11/how-shell-greenwashed-its-image-internal-documents-warned-fossil-fuels-contribution-climate-change,greenwashing
hedzgb,Amazon pledges $2 billion fund to invest in clean energy technology,tjosborne,1,10,0.75,2020-06-23 14:47:21,environment,https://www.nbcnews.com/tech/tech-news/amazon-pledges-2-billion-fund-invest-clean-energy-n1231854,greenwashing
7zhv2i,Greenwashed Timber: How Sustainable Forest Certification Has Failed,stefeyboy,0,6,0.8,2018-02-22 21:03:29,environment,https://e360.yale.edu/features/greenwashed-timber-how-sustainable-forest-certification-has-failed,greenwashing
8mxx0,65% of Canada’s ‘Clean Energy’ Fund Goes to Tar Sands Greenwashing,planetenvy,10,122,0.95,2009-05-25 02:10:17,environment,http://solveclimate.com/blog/20090524/65-canada-s-clean-energy-fund-goes-tar-sands-greenwashing,greenwashing
dc1rj,PBS ombudsman whitewashes the Koch-funded greenwashing episode of Nova that whitewashes the threat of human-caused climate change.,BlueRock,12,82,0.86,2010-09-10 14:20:42,environment,http://climateprogress.org/2010/09/07/pbs-ombudsman-michael-getler-whitewashes-the-koch-funded-greenwashing-episode-of-nova-that-whitewashes-the-threat-of-human-caused-climate-change/,greenwashing
4mn5lx,"Call to 'save oceans, protect workers' goes airborne as Greenpeace targets Walmart: 'Walmart can no longer hide the very real threat of labor abuse and ocean destruction with its insufficient policy statements and greenwashing'.",madazzahatter,0,149,0.96,2016-06-05 14:23:32,environment,http://www.commondreams.org/news/2016/06/03/call-save-oceans-protect-workers-goes-airborne-greenpeace-targets-walmart,greenwashing
1lwuf0,Greenwashing Hypocrite of the Yr: CEO of Anti-Science ExxonMobil Bemoans State of Science Education - No wonder he & his fellow CEOs have trouble finding science-literate job applicants. His firm backs a group who'll help them fail college science & require them to get remedial instruction.,anutensil,5,66,0.86,2013-09-07 14:58:25,environment,http://thinkprogress.org/climate/2013/09/06/2582871/greenwashing-hypocrite-ceo-anti-science-exxonmobil-education/,greenwashing
84m8w3,Greenwash Database: A Resource for Tracking Big Oil in Small Communities,merimedia,0,1,0.6,2018-03-15 14:57:36,environment,https://www.desmog.uk/2018/03/13/greenwash-database-big-oil-small-communities,greenwashing
75poqq,"Is ""Waste to Energy"" a greenwashed solution to waste management? Let's talk about it",ohlookawall,0,1,1.0,2017-10-11 17:11:48,environment,http://www.no-burn.org/wp-content/uploads/Incinerator_Myths_vs_Facts-Feb2012.pdf,greenwashing
w9189,"LEAKED DOCUMENT: Greenpeace, ENGO’s, Foundations cutting secret deals, greenwashing all forestry",barrSequence,3,44,0.81,2012-07-09 04:45:58,environment,http://wrongkindofgreen.org/2010/05/20/leaked-document-greenpeace-engos-foundations-cutting-secret-deals-greenwashing-all-forestry/,greenwashing
gm6c34,The end of plastic? New plant-based bottles will degrade in a year | Environment,ECOisLOGICAL,2,11,0.87,2020-05-18 19:49:55,environment,https://www.theguardian.com/environment/2020/may/16/the-end-of-plastic-new-plant-based-bottles-will-degrade-in-a-year,greenwashing
2ghozk,"Naomi Klein: the hypocrisy behind the big business climate change battle - Richard Branson has pledged $3bn to fight climate change, and delivered just $230m. Naomi Klein looks at the 'greenwashing' of big business and its effects – on the planet, and our own bodies",ibrawest2,1,72,0.91,2014-09-15 22:08:35,environment,http://www.theguardian.com/environment/2014/sep/13/greenwashing-sticky-business-naomi-klein,greenwashing
2i9utp,"WWF International, the world's largest conservation group, has been accused of ""selling its soul"" by forging alliances with powerful businesses which destroy nature & use the WWF brand to ""greenwash"" their operations.",anutensil,3,150,0.95,2014-10-04 15:09:35,environment,http://www.theguardian.com/environment/2014/oct/04/wwf-international-selling-its-soul-corporations,greenwashing
3dk5w4,"Has it been proven that ""greenwashing"" has a net detriment to the environment overall?",bobbaphet,3,4,0.83,2015-07-17 00:44:01,environment,https://www.reddit.com/r/environment/comments/3dk5w4/has_it_been_proven_that_greenwashing_has_a_net/,greenwashing
3me5xd,Selling Modernity: How Global Greenwashing is Destroying Tribal People,jellowcakewalk,0,41,0.89,2015-09-26 00:24:49,environment,http://www.counterpunch.org/2015/09/25/selling-modernity-how-global-greenwashing-is-destroying-tribal-people/,greenwashing
8xphz,"Greenpeace launches campaign aimed at greenwashing masters, Trader Joe's",zjunk,7,11,0.67,2009-07-02 20:38:08,environment,http://www.traitorjoe.com,greenwashing
209dbi,Does anybody have any ideas on where to look for sources about greenwashing and/or communication about sustainability?,iwillpickthisone,4,3,1.0,2014-03-12 22:38:22,environment,https://www.reddit.com/r/environment/comments/209dbi/does_anybody_have_any_ideas_on_where_to_look_for/,greenwashing
45n7se,"Derrick Jensen interviewed about voting, greenwashing, revolution, and more",norristh,0,2,0.75,2016-02-13 23:55:12,environment,http://dgrnewsservice.org/resistance/strategy/derrick-jensen-interview-deep-green-resistance-transphobia/,greenwashing
erv861,"Microsoft pledges to go carbon-negative by 2030, scrub environment of all carbon it’s ever emitted",SwagDaddyHavs,7,90,0.99,2020-01-21 15:15:30,environment,https://www.oregonlive.com/environment/2020/01/microsoft-pledges-to-go-carbon-negative-by-2030-scrub-environment-of-all-carbon-its-ever-emitted.html,greenwashing
x5k9l,Greenwashing is better for business than real sustainability efforts | Grist,BlankVerse,2,40,0.91,2012-07-25 23:46:43,environment,http://grist.org/news/greenwashing-is-better-for-business-than-real-sustainability-efforts/,greenwashing
3mkb7o,A Progressive Pope or Greenwashing the Vatican? Paul Jay asks Chris Hedges if the Pope's rhetoric on climate change and capitalism is a positive force or a dangerous illusion,jellowcakewalk,0,5,0.72,2015-09-27 12:15:07,environment,http://www.nakedcapitalism.com/2015/09/a-progressive-pope-or-greenwashing-the-vatican.html,greenwashing
1kcm7a,Greenwashing Concerns Mount as Evidence of Fracking's Climate Impact Grows,HenryCorp,0,16,0.92,2013-08-14 16:43:13,environment,http://www.desmogblog.com/2013/08/13/edf-greenwashing-fracking-climate-impact,greenwashing
4j0zrg,"Calling the Bison Our National Mammal Is the Worst Kind of Greenwashing - While some groups celebrate the American bison as a conservation success story, we're slaughtering the animals by the thousands",anutensil,1,12,0.93,2016-05-12 16:42:05,environment,http://www.outsideonline.com/2078981/why-its-hypocritical-name-bison-our-national-mammal,greenwashing
2jerla,"A Short History of Greenwashing the Tar Sands, Part 1 - This is Part One of a three-part series on the political greenwashing of the tar sands in Canada",Jkdempsey,0,17,1.0,2014-10-16 13:50:09,environment,http://www.desmog.ca/2013/03/19/short-history-greenwashing-tar-sands,greenwashing
3pdmuj,"These days, greenwashing is spreading like a weed: “Social and environmental responsibility should not be a competitive sport. Not every company can have the smallest carbon footprint or donate the most to charity.”",alittlebirdtoldme,0,1,0.6,2015-10-19 19:37:20,environment,http://www.nytimes.com/2015/10/18/business/energy-environment/social-responsibility-that-rubs-right-off.html,greenwashing
33m72t,RIP Earth Day: Voices Decry National Day of Corporate Greenwash,RRRRRK,0,22,0.9,2015-04-23 19:32:39,environment,http://www.commondreams.org/news/2015/04/22/rip-earth-day-voices-decry-national-day-corporate-greenwash,greenwashing
146r3c,Writing a class paper on greenwashing. Anyone have any crazy ad examples? ,nocomment51,6,1,0.67,2012-12-03 06:42:25,environment,https://www.reddit.com/r/environment/comments/146r3c/writing_a_class_paper_on_greenwashing_anyone_have/,greenwashing
d5oe5,And the winner of this year's Swedish greenwashing award: the Swedish government! Tough competition from BP and Shell could not match the right-wing government's efforts. ,BlueRock,5,11,0.67,2010-08-26 13:59:00,environment,http://www.green-blog.org/2010/08/25/swedish-government-wins-greenwash-award/,greenwashing
2iqn7v,"Collectively.org is either part of corporate ""greenwashing,"" or its a genuine effort to create a more sustainable corporate culture. Anyone had any firsthand experience? I'd love to hear about it.",mariahbeckman,2,6,0.81,2014-10-09 09:07:48,environment,http://grist.org/news/mcdonalds-coca-cola-and-twitter-are-selling-the-green-lifestyle-on-collectively-should-you-buy-it/,greenwashing
3ds4ya,Confessions of a Recovering Environmentalist: one man's journey into the current battle between greenwashing and ecocentric environmentalism,pathofraven,0,2,0.67,2015-07-19 00:51:45,environment,https://orionmagazine.org/article/confessions-of-a-recovering-environmentalist/,greenwashing
8acel,"Huge out-of-town stores that are inaccessible by public transport, illegally logged timber products and half-hearted attempts to join WWF's Earth Hour. Who is Ikea trying to fool with its greenwash?",nebm,10,20,0.75,2009-04-06 14:47:51,environment,http://www.guardian.co.uk/global/2009/apr/02/greenwash-ikea-diy-earth-hour,greenwashing
dwmy6,"More than 95% of consumer products examined committed at least one offense of ""greenwashing""",alittlebirdtoldme,2,36,0.89,2010-10-26 16:37:26,environment,http://online.wsj.com/article/SB10001424052702303467004575574521710082414.html,greenwashing
3ne1za,Indigenous peoples bear the brunt of global greenwash,norristh,0,8,0.8,2015-10-04 00:14:19,environment,http://www.theecologist.org/campaigning/2985426/indigenous_peoples_bear_the_brunt_of_global_greenwash.html,greenwashing
pq9i8,Green vs. Greenwashing and CFL Suck Factor,IndependentJo,2,5,0.78,2012-02-15 05:33:15,environment,http://www.makeitmissoula.com/2012/02/paul_wheaton_on_greenwashing_light_bulbs/,greenwashing
2fhg59,Cashing In On Carbon: How Taxpayer Dollars Greenwash Dirty Energy,GaiusPublius,0,11,0.88,2014-09-04 21:51:48,environment,http://priceofoil.org/2014/09/04/cashing-in-on-carbon-subsidy-spotlight/,greenwashing
21ukng,Are Walmart's Green Claims Simply Greenwashing?,cattleya1709,1,5,0.74,2014-03-31 20:36:19,environment,http://www.renewableenergyworld.com/rea/news/article/2014/03/are-walmarts-green-claims-simply-greenwashing?cmpid=rss,greenwashing
1ldcnb,Confused or concerned about greenwashing in the marketplace? Here is a great infographic to explain the truth of product greenwashing.,Use_the_Loofah,0,11,1.0,2013-08-30 03:10:20,environment,http://www.sustainableplant.com/2013/08/the-truth-about-greenwashing-infographic/?goback=%2Egde_59930_member_268454587#%21,greenwashing
1qlxa6,"Report blasts Wal-Mart for greenhouse-gas emissions - Accuses retail giant of 'greenwashing,' calls on nation's largest retailer to improve emissions levels",anutensil,0,2,0.56,2013-11-14 12:41:07,environment,http://america.aljazeera.com/articles/2013/11/13/report-wal-mart-emits42millionmetrictonsofco2e.html,greenwashing
2jerma,"Greenwashing the Tar Sands, Part 2: Do As I Say, Not As I Do",Jkdempsey,0,5,0.86,2014-10-16 13:50:41,environment,http://www.desmog.ca/2013/04/04/greenwashing-do-i-say-not-i-do,greenwashing
161wo1,What is Greenwashing? - the greenwashing blog,Chocarus91,0,9,0.71,2013-01-06 08:51:08,environment,http://thegreenwashingblog.com/what-is-greenwashing/,greenwashing
zxhne,"10 worst household products for ""greenwashing""",fernguts,2,4,0.84,2012-09-15 18:15:26,environment,http://www.cbc.ca/news/canada/nova-scotia/story/2012/09/14/greenwashing-labels-marketplace.html,greenwashing
28b821,Small revolution or corporate greenwashing? 3D Systems presents Cube EKOCYCLE 3d printer that works with filament made from recycled PET bottles,maskiatlan,0,2,0.67,2014-06-16 22:55:03,environment,http://diy3dprinting.blogspot.com/2014/06/3d-systems-presents-cube-ekocycle-3d.html,greenwashing
f6e9c,"After talks with Michelle Obama, Wal-Mart plans to help push agriculture + food industry away from trans-fats, sodium and sugar additives, and help bring fresh produce to inner city ""food deserts."" Stopgap? Greenwashing? Or the right direction?",doesurmindglow,2,3,0.67,2011-01-21 11:06:02,environment,http://www.nytimes.com/2011/01/20/business/20walmart.html,greenwashing
7mffv,Greenpeace Awards BP with ‘Emerald Paintbrush’ for Worst Greenwashing of 2008,qgyh2,2,32,0.81,2008-12-30 15:01:49,environment,http://earthfirst.com/greenpeace-holds-greenwashing-award-ceremony-in-bp-headquarters-lobby/,greenwashing
1dfu7d,"4 major US brands distance their brand from the logging industry’s greenwash program, the ‘Sustainable Forestry Initiative’ (SFI).",alittlebirdtoldme,0,12,0.83,2013-04-30 23:53:21,environment,http://www.forestethics.org/blog/connecting-dots-between-envelopes-and-clearcuts,greenwashing
f1xwgp,Conserving and restoring forests won’t be cheap and easy after all,treycent,2,15,0.91,2020-02-10 23:09:32,environment,https://www.greenbiz.com/article/conserving-and-restoring-forests-wont-be-cheap-and-easy-after-all,greenwashing
1tk1u4,Corporate Greenwash: FedEx ads misrepresent their low investment in environmentally-friendly fuels,grassrootbeer,0,6,0.87,2013-12-23 22:13:53,environment,http://www.bloomberg.com/news/2013-12-20/enchanted-ad-outpaces-fedex-s-adoption-of-eco-friendly-vehicles.html,greenwashing
8rphu,How green marketing is all one big greenwash,winguero,4,11,0.7,2009-06-11 18:15:32,environment,http://www.triplepundit.com/pages/how-to-greenwash-better.php,greenwashing
3w7qc0,"At Paris climate change talks, corporate sponsors aim to warm reputations - Looking to greenwash their images, big companies associate their business practices with clean environmental policies",anutensil,0,0,0.5,2015-12-10 13:07:09,environment,http://america.aljazeera.com/articles/2015/12/10/paris-climate-change-talks-corporate-sponsors.html,greenwashing
d503lw,"McDonald's in Sweden Converting Billboards into 'Hotels' for Bees - Over 1/3 of the 274 species of bees in Sweden are declining or at risk of declining. ""A big problem is that they lack places to live.""",anutensil,8,96,0.95,2019-09-16 14:40:03,environment,https://www.newsweek.com/mcdonalds-sweden-bee-hotels-1459333,greenwashing
dtyoi,"Punked: After Chevron launched a fancy new greenwashing ad campaign titled ""We Agree,"" the Yes Men and Rainforest Action Network launched the website, press release, employee quotes and ""We Agree"" campaign they'd like to see. Theirs is way better",maxwellhill,0,15,0.8,2010-10-20 20:23:35,environment,http://www.commondreams.org/further/2010/10/20-3,greenwashing
1191tl,"Saving the Arctic Ice: Greenpeace, Greenwashing and Geoengineering (#1) ",pnewell,0,3,0.81,2012-10-10 15:47:35,environment,http://www.huffingtonpost.com/nathan-currier/arctic-climate-change_b_1911550.html?utm_hp_ref=green,greenwashing
f0atps,The EU’s green deal is a colossal exercise in greenwashing,AnitaApplebum8,0,6,0.59,2020-02-07 14:57:56,europe,https://www.theguardian.com/commentisfree/2020/feb/07/eu-green-deal-greenwash-ursula-von-der-leyen-climate,greenwashing
d86818,Green bond rise may slow as EU states seek more clout over greenwashing,open_risk,0,4,0.67,2019-09-23 15:01:48,europe,https://www.reuters.com/article/us-eu-finance-climate-idUSKBN1W413N,greenwashing
jnjfg8,Blue Land claimed that their tablet packaging is compostable. I still found this today in my compost bin after 8 weeks. Packaging is still in tact. I'm tired of corporate greenwashing. 😔,mich2203,30,65,0.97,2020-11-03 22:36:34,ZeroWaste,https://i.redd.it/yup5o4djg3x51.jpg,greenwashing
i0s70k,McDonald's just launched a bizarre new greenwashing campaign... they've made McD's-themed swimsuits out of recycled straws to advertise their environmental credibility. That's pretty ironic coming from a corporation that is still crapping plastic into our oceans by the ton.,sleepandmemory,258,6829,0.96,2020-07-30 21:14:51,ZeroWaste,https://i.redd.it/a7o7otjqn1e51.jpg,greenwashing
js9frf,Is this packaging company greenwashing?,LingonberryNo4167,11,4,1.0,2020-11-11 15:50:26,ZeroWaste,https://www.reddit.com/r/ZeroWaste/comments/js9frf/is_this_packaging_company_greenwashing/,greenwashing
jcurbp,Mighty Nest: Great for transition or greenwashing scam?,AlyAspen,4,3,0.72,2020-10-17 15:03:58,ZeroWaste,https://www.reddit.com/r/ZeroWaste/comments/jcurbp/mighty_nest_great_for_transition_or_greenwashing/,greenwashing
iqbghe,Starbucks Strawless Lids Now Available Across the U.S. and Canada - Green or Greenwashing?,sustainablesa,6,6,1.0,2020-09-10 22:21:54,ZeroWaste,/r/sustainability/comments/iqbfu1/starbucks_strawless_lids_now_available_across_the/,greenwashing
guoqpw,"Watch out for ""zero waste"" greenwashing and false advertising (""recyclable"" plastic-lined containers)",vegan_cottage_cheese,43,86,0.95,2020-06-01 19:23:57,ZeroWaste,https://i.redd.it/3u9y7bi32c251.png,greenwashing
ikjric,YSK that straws-free campaigns are greenwashing,Inasaba,4,27,0.89,2020-09-01 14:58:01,ZeroWaste,/r/YouShouldKnow/comments/ikatlk/ysk_that_strawsfree_campaigns_are_a_hoax/,greenwashing
gotz4y,Which brands are truly eco-friendly and not just greenwashing.?,7lemurs,55,96,0.98,2020-05-23 01:08:41,ZeroWaste,https://www.reddit.com/r/ZeroWaste/comments/gotz4y/which_brands_are_truly_ecofriendly_and_not_just/,greenwashing
i2y567,Is Loop Store Green or Is it Greenwashing?,sustainablesa,6,8,0.77,2020-08-03 16:37:34,ZeroWaste,https://www.reddit.com/r/ZeroWaste/comments/i2y567/is_loop_store_green_or_is_it_greenwashing/,greenwashing
g115b7,Anyone seen these polymailers before? I bought something from Mercari and my item arrived in this. Seems cool but I know a lot of “compostable” items are usually just greenwashing but curious about what everyone thinks about this.,moreshoesplz,5,15,0.95,2020-04-14 09:32:23,ZeroWaste,https://i.redd.it/ku83cssvkqs41.jpg,greenwashing
emej74,Greenwashing or progress?,bitchthatwaspromised,7,9,1.0,2020-01-09 20:26:09,ZeroWaste,https://i.redd.it/c26mf5vp0t941.jpg,greenwashing
fd3cuj,Is this an example of greenwashing?,martinochwat,2,9,1.0,2020-03-04 00:07:36,ZeroWaste,https://www.reddit.com/r/ZeroWaste/comments/fd3cuj/is_this_an_example_of_greenwashing/,greenwashing
cb562o,"4Ocean is one of the “biggest” removers of plastic pollution, or so they claim. Typical Greenwashing",Unlockabear,11,25,0.93,2019-07-09 20:58:51,ZeroWaste,https://youtu.be/sZxqUnVpeA4,greenwashing
c7q80k,What is the best (non-greenwashing) innovation you have come across that helps tackle our waste problem?,rwreglesworth,13,3,0.64,2019-07-01 10:55:11,ZeroWaste,https://www.reddit.com/r/ZeroWaste/comments/c7q80k/what_is_the_best_nongreenwashing_innovation_you/,greenwashing
jak4u1,Lauren Singer/trashisfortossers hypocrisy,lizgator,16,29,0.95,2020-10-13 21:08:58,ZeroWaste,https://www.reddit.com/r/ZeroWaste/comments/jak4u1/lauren_singertrashisfortossers_hypocrisy/,greenwashing
jastx3,"H&M to offer garment recycling by Their Instore Recycling Machine called 'Looop""",cryptograbby,1,16,0.9,2020-10-14 05:18:36,ZeroWaste,http://texcovery.com/news/h-m-to-offer-garment-recycling-by-their-instore-recycling-machine-called-looop,greenwashing
j2nxig,Compostable Plastic is Bullsh*t,casco90,7,49,0.98,2020-09-30 17:09:58,ZeroWaste,https://www.reddit.com/r/ZeroWaste/comments/j2nxig/compostable_plastic_is_bullsht/,greenwashing
87rdr5,[discussion] Greenwashing,TomWaitsImpersonator,24,21,0.97,2018-03-28 14:11:32,ZeroWaste,https://www.reddit.com/r/ZeroWaste/comments/87rdr5/discussion_greenwashing/,greenwashing
in3sbd,I don’t think we’re ever going to get very far with zero waste and here’s why.,MwahMwahKitteh,18,43,0.96,2020-09-05 18:12:37,ZeroWaste,https://www.reddit.com/r/ZeroWaste/comments/in3sbd/i_dont_think_were_ever_going_to_get_very_far_with/,greenwashing
iyf5rp,Floss dilemma,AloeVeraBogs,12,4,0.75,2020-09-23 19:51:58,ZeroWaste,https://www.reddit.com/r/ZeroWaste/comments/iyf5rp/floss_dilemma/,greenwashing
8kolys,Greenwashing: Consumers confronted by dubiously conscious fashion,ImLivingAmongYou,4,19,0.9,2018-05-20 00:28:21,ZeroWaste,http://america.aljazeera.com/articles/2014/5/19/consumers-greenwashingfashion.html,greenwashing
6liirm,"Etee: wraps form a protective, breathable and antimicrobial seal over just about any perishable - all without the use of plastic (is this greenwashing)",aerlenbach,5,15,0.91,2017-07-06 03:32:17,ZeroWaste,https://www.shopetee.com,greenwashing
6lw8sq,Greenwashing – our hidden foe?,mnea,3,52,0.97,2017-07-07 21:58:38,ZeroWaste,http://www.namkhanfoundation.com/greenwashing-our-hidden-foe/,greenwashing
hlk3nk,Interesting criticisms of zero waste shops/marketing,eggleandfloopert,21,28,0.97,2020-07-05 11:52:49,ZeroWaste,https://www.reddit.com/r/ZeroWaste/comments/hlk3nk/interesting_criticisms_of_zero_waste/,greenwashing
imqq2m,Favorite pre loved/thrifted clothing boxes?,my1000thaccountprob,1,8,1.0,2020-09-05 01:27:07,ZeroWaste,https://www.reddit.com/r/ZeroWaste/comments/imqq2m/favorite_pre_lovedthrifted_clothing_boxes/,greenwashing
gid9qf,Palm oil and Dr Bronners,va-nella,23,22,0.9,2020-05-12 17:24:15,ZeroWaste,https://www.reddit.com/r/ZeroWaste/comments/gid9qf/palm_oil_and_dr_bronners/,greenwashing
h85m2h,BlueLand,yellowsweater3,7,9,0.85,2020-06-13 13:13:02,ZeroWaste,https://www.reddit.com/r/ZeroWaste/comments/h85m2h/blueland/,greenwashing
gmqgf5,Brownwashing Companies,That-One-Fur,4,9,0.91,2020-05-19 17:14:30,ZeroWaste,https://www.reddit.com/r/ZeroWaste/comments/gmqgf5/brownwashing_companies/,greenwashing
gd442d,Has anyone tried Public Goods?,wont0n_,6,5,0.73,2020-05-04 05:30:40,ZeroWaste,https://www.reddit.com/r/ZeroWaste/comments/gd442d/has_anyone_tried_public_goods/,greenwashing
e8sbrq,The excuses and dismissal and negativity are exhausting- just a rant to people I know will understand,LadyLaurence,19,136,0.97,2019-12-10 16:51:45,ZeroWaste,https://www.reddit.com/r/ZeroWaste/comments/e8sbrq/the_excuses_and_dismissal_and_negativity_are/,greenwashing
fssmuz,Tru Earth,Melfank,4,8,0.84,2020-04-01 06:28:54,ZeroWaste,https://www.reddit.com/r/ZeroWaste/comments/fssmuz/tru_earth/,greenwashing
enypxb,Thoughts on Lush?,LadyTherese,21,9,1.0,2020-01-13 04:49:29,ZeroWaste,https://www.reddit.com/r/ZeroWaste/comments/enypxb/thoughts_on_lush/,greenwashing
g8ezii,I wanted to share a zero/low waste resource I found,Ennuidownloaddone,1,11,0.93,2020-04-26 16:13:03,ZeroWaste,https://www.reddit.com/r/ZeroWaste/comments/g8ezii/i_wanted_to_share_a_zerolow_waste_resource_i_found/,greenwashing
eo9rht,"Aerosol cans vs plastic bottles, which is better",yesiwilljudgeyou,3,4,1.0,2020-01-13 21:27:50,ZeroWaste,https://www.reddit.com/r/ZeroWaste/comments/eo9rht/aerosol_cans_vs_plastic_bottles_which_is_better/,greenwashing
eqea70,Eco friendly swimwear,kjg97,11,4,0.84,2020-01-18 10:15:02,ZeroWaste,https://www.reddit.com/r/ZeroWaste/comments/eqea70/eco_friendly_swimwear/,greenwashing
c1pd3j,biodegrdable and compostable plastics are not azero wate solution,seedtostore,18,23,0.82,2019-06-17 18:07:42,ZeroWaste,https://www.reddit.com/r/ZeroWaste/comments/c1pd3j/biodegrdable_and_compostable_plastics_are_not/,greenwashing
djfqki,Becoming Zero Waste: Dental Floss,YamadaDesigns,18,34,0.98,2019-10-18 02:56:17,ZeroWaste,https://www.reddit.com/r/ZeroWaste/comments/djfqki/becoming_zero_waste_dental_floss/,greenwashing
c9w850,Has anyone tried or heard of Loop?,neonxdreams,9,10,0.86,2019-07-06 19:33:39,ZeroWaste,https://www.reddit.com/r/ZeroWaste/comments/c9w850/has_anyone_tried_or_heard_of_loop/,greenwashing
bdnph5,Dunkin Donuts told me that they will no longer accept my non-Dunkin reusable cup,69poop420,45,244,0.97,2019-04-16 02:53:17,ZeroWaste,https://www.reddit.com/r/ZeroWaste/comments/bdnph5/dunkin_donuts_told_me_that_they_will_no_longer/,greenwashing
f0lqu0,Found a zero waste food delivery service for New Yorkers,cerwisc,2,3,0.72,2020-02-08 04:15:54,ZeroWaste,https://www.reddit.com/r/ZeroWaste/comments/f0lqu0/found_a_zero_waste_food_delivery_service_for_new/,greenwashing
echl3i,Plaine Products acting shady?,twentytwoclouds,6,3,0.8,2019-12-18 20:51:19,ZeroWaste,https://www.reddit.com/r/ZeroWaste/comments/echl3i/plaine_products_acting_shady/,greenwashing
c4ij3h,Turning the back of your scrap paper or receipts into checklist.,businessheight,7,16,0.72,2019-06-24 07:03:23,ZeroWaste,https://i.redd.it/9t7bizqbl8631.png,greenwashing
bi51t3,Are these actually better than normal garbage bags?,phildo888,11,19,0.95,2019-04-28 01:32:52,ZeroWaste,https://i.redd.it/ux504zqg6wu21.jpg,greenwashing
buxdjx,Organic Non-GMOvs. Conventional?,cakiepie,49,13,0.79,2019-05-30 21:27:23,ZeroWaste,https://www.reddit.com/r/ZeroWaste/comments/buxdjx/organic_nongmovs_conventional/,greenwashing
bx431f,How to Help Save the Environment: 27 Best Things You Can Do,przemkas,8,2,0.67,2019-06-05 17:47:48,ZeroWaste,https://perfect24hours.com/how-to-help-save-the-environment/,greenwashing
cvqqwk,Loop by TerraCycle review,tc-user,7,27,0.78,2019-08-26 18:56:12,ZeroWaste,https://www.reddit.com/r/ZeroWaste/comments/cvqqwk/loop_by_terracycle_review/,greenwashing
d02sd7,Is this a biodegradable / compostable material?,Harold-1992,3,2,0.76,2019-09-05 18:06:15,ZeroWaste,https://www.reddit.com/r/ZeroWaste/comments/d02sd7/is_this_a_biodegradable_compostable_material/,greenwashing
8lamg2,"Kroger Grocery Stores Advertise a Zero Waste Initiative, But My Experience Proved Otherwise",YouAreCecilia,84,423,0.98,2018-05-22 16:59:47,ZeroWaste,https://www.reddit.com/r/ZeroWaste/comments/8lamg2/kroger_grocery_stores_advertise_a_zero_waste/,greenwashing
aqv8pi,"In light of the Trader Joe's post, you should know: Compostable materials are not necessarily the answer. Let's educate ourselves and ask TJ's, and other companies, to do one step better!",hungaryforchile,26,82,0.91,2019-02-15 11:21:15,ZeroWaste,https://www.reddit.com/r/ZeroWaste/comments/aqv8pi/in_light_of_the_trader_joes_post_you_should_know/,greenwashing
bwofay,Good eco-friendly Instagram accounts?,priviet123,8,9,1.0,2019-06-04 15:01:07,ZeroWaste,https://www.reddit.com/r/ZeroWaste/comments/bwofay/good_ecofriendly_instagram_accounts/,greenwashing
9vxf9z,Why isn't their a single marketplace for 100% sustainable products?,jerryw648,9,26,0.83,2018-11-10 21:09:26,ZeroWaste,https://www.reddit.com/r/ZeroWaste/comments/9vxf9z/why_isnt_their_a_single_marketplace_for_100/,greenwashing
ca4jze,Supermarket agreenwash - it’s news that they reuse leftover food?!,stichbury,2,6,0.88,2019-07-07 10:11:46,ZeroWaste,https://www.reddit.com/r/ZeroWaste/comments/ca4jze/supermarket_agreenwash_its_news_that_they_reuse/,greenwashing
amt8m6,Hierarchy of 5 Rs?,M_Bus,5,5,0.86,2019-02-03 20:53:15,ZeroWaste,https://www.reddit.com/r/ZeroWaste/comments/amt8m6/hierarchy_of_5_rs/,greenwashing
8xf9tg,The ultimate ZeroWaste straw solution :,FoodScavenger,6,10,0.68,2018-07-09 21:35:35,ZeroWaste,https://www.reddit.com/r/ZeroWaste/comments/8xf9tg/the_ultimate_zerowaste_straw_solution/,greenwashing
8hl8e6,I’m an executive member of my school’s chapter of “Engineers without borders”,shasha_neequa,7,9,0.91,2018-05-07 07:36:35,ZeroWaste,https://www.reddit.com/r/ZeroWaste/comments/8hl8e6/im_an_executive_member_of_my_schools_chapter_of/,greenwashing
7ql4sp,Biodegradable shoes (UK)?,The-Losers-Manifesto,10,13,0.89,2018-01-15 18:20:07,ZeroWaste,https://www.reddit.com/r/ZeroWaste/comments/7ql4sp/biodegradable_shoes_uk/,greenwashing
jvrqa4,Do you know what is greenwashing? Learn all about it until Black Friday comes to not let yourself be fooled by misleading brands!,The_Green_Bulbazour,1,63,0.98,2020-11-17 12:54:13,Green,https://2030.builders/stories/greenwashing/,greenwashing
jwk0uz,7 Sins of Greenwashing (How to Spot It Before You Buy),Remedy_Review,1,29,0.87,2020-11-18 18:26:33,Green,https://www.ecowatch.com/7-sins-of-greenwashing-and-5-ways-to-keep-it-out-of-your-life-1881898598.html,greenwashing
jx3mrf,Gwich’in Indigenous people are taking a stand against BlackRock's greenwashing problem,TheYEARSProject,0,4,1.0,2020-11-19 15:28:17,Green,https://www.youtube.com/watch?v=YQXk-0c3ZoI,greenwashing
iqbg5s,Starbucks Strawless Lids Now Available Across the U.S. and Canada - Green or Greenwashing?,sustainablesa,0,1,1.0,2020-09-10 22:21:30,Green,/r/sustainability/comments/iqbfu1/starbucks_strawless_lids_now_available_across_the/,greenwashing
hwoi71,A customer with good intentions can be led astray by brands exaggerating their sustainability efforts. One example of greenwashing is labeling clothes with certifications that might make them seem more sustainable than they really are. Check out this easy guide to sustainable fashion certifications:,EcoStylist,1,48,0.98,2020-07-23 23:29:26,Green,https://www.eco-stylist.com/ethical-fashion-certifications-you-need-to-know/,greenwashing
iiksr3,"The #fiveweeksoffails series investigates the sustainability of fast fashion brands. Next up, Zara: sustainable leader or greenwasher?",EcoStylist,0,19,0.96,2020-08-29 04:37:35,Green,https://www.eco-stylist.com/how-sustainable-is-zara/,greenwashing
fi354n,The Green Starbucks Cup: Green or Greenwashing?,tdgoddard,0,6,0.81,2020-03-13 19:17:39,Green,https://greenthatlife.com/green-starbucks-cup-green-or-greenwashing/,greenwashing
f5t6sr,Clamping down on financial greenwashing in the EU,ChesterEnergyDC,0,3,1.0,2020-02-18 16:11:37,Green,https://www.energycentral.com/c/ee/clamping-down-financial-greenwashing-eu,greenwashing
9k2voc,Is Goldman Sachs’ New Fund Really Just Greenwashing Stocks?,burtzev,0,19,0.88,2018-09-30 04:56:59,Green,https://capitalandmain.com/is-goldman-sachs-new-fund-really-just-greenwashing-stocks-0926,greenwashing
6qdl7m,Greenwashing: A Fiji Water Story,ecochange,0,9,0.86,2017-07-29 23:32:57,Green,https://youtu.be/mOpa8kd6fBI,greenwashing
18wh8n,"95% of ""green"" products commit at least one of the seven greenwashing ""sins."" ",D1M88,6,52,0.9,2013-02-20 20:11:56,Green,http://sinsofgreenwashing.org/index.html,greenwashing
fo8r8a,China has greenlit 34 gigawatts (GW) of new coal power – more than Poland’s coal sector – bucking a global trend away from the fuel.,team_pv,3,35,0.82,2020-03-24 19:09:39,Green,https://www.reddit.com/r/Green/comments/fo8r8a/china_has_greenlit_34_gigawatts_gw_of_new_coal/,greenwashing
iu8gh,Classic greenwashing,AnalogDan,2,63,0.91,2011-07-20 00:09:19,Green,http://i.imgur.com/lgMIj.png,greenwashing
1x9kbv,Killing the Great Barrier Reef to pay back his corporate patrons: Abbott government (Australia) risks reef 'in danger' listing and tries to hide behind greenwash,trex_luke,0,49,0.95,2014-02-07 12:30:24,Green,http://www.sandandgravel.com/news/article.asp?v1=18045,greenwashing
2pto65,The 7 Sins of Greenwashing,healthyj,0,8,0.79,2014-12-19 22:10:12,Green,http://www.thehealthiesthome.com/2014/the-7-deadly-sins-of-greenwashing/,greenwashing
dzwtd,"Are We Being Greenwashed? - ""The fact is that companies are not required to verify most of what they say about their products. They can say almost anything with impunity. And if it will sell products they will say almost anything."" - Big Think",joshuastarlight,3,25,1.0,2010-11-02 08:15:56,Green,http://bigthink.com/ideas/24770,greenwashing
exviu,Fiji Water Sued for Greenwashing,anutensil,1,30,0.95,2011-01-07 14:21:46,Green,http://motherjones.com/blue-marble/2011/01/fiji-water-sued-greenwashing,greenwashing
huiam,"Green? Who, me? Top 10 brownwashing Republicans - 

Greenwashing is out, brownwashing is in. These days, GOP politicians are scrambling to distance themselves from past environment-friendly statements, initiatives, & votes",anutensil,1,25,0.93,2011-06-08 11:56:08,Green,http://www.grist.org/politics/2011-06-08-green-who-me-top-10-brownwashing-republicans,greenwashing
esdlyr,Bank of America achieves carbon neutrality—one year ahead of schedule. I hope this is true but let's wait for that third-party verification is complete.,team_pv,2,1,0.57,2020-01-22 16:32:56,Green,https://www.reddit.com/r/Green/comments/esdlyr/bank_of_america_achieves_carbon_neutralityone/,greenwashing
llf2i,Waste to energy: Green or greenwash?,Vailhem,2,3,0.81,2011-10-23 00:17:26,Green,http://news.cnet.com/8301-11128_3-20123706-54/waste-to-energy-green-or-greenwash/?part=rss&subj=news&tag=2547-1_3-0-20&tag=nl.e703,greenwashing
8gcbi,"Greenwashing allegations - fair and, in the case of Reynolds aluminum foil, unfair",contrarymag,0,5,0.86,2009-04-29 07:20:59,Green,http://www.usnews.com/blogs/fresh-greens/2009/4/28/the-blog-that-cried-greenwashing.html,greenwashing
93olz,Avoid Greenwashing: being a sustainable brand is about more than using the latest catch-phrases,factoidz,0,10,0.82,2009-07-23 02:42:28,Green,http://factoidz.com/avoid-greenwashing-being-a-sustainable-brand-is-about-more-than-using-the-latest-catch-phrases/,greenwashing
8amdc,Atlanta-Area Recycling Event with a Side of Greenwashing,glueandglitter,0,3,0.8,2009-04-07 14:04:51,Green,http://ecolocalizer.com/2009/04/07/atlanta-area-recycling-event-with-a-side-of-greenwashing/,greenwashing
fdw3h,Understanding Labels: Separating Green Building from Greenwash,greentechdude,0,7,1.0,2011-02-02 17:53:15,Green,http://www.treehugger.com/files/2011/02/understanding-labels-looking-at-label-wars.php,greenwashing
cm4o0,Greenwashing?? Launch Of World's First Carbon Neutral Clothes Hanger,greentechdude,1,0,0.5,2010-07-05 15:35:30,Green,http://www.prweb.com/releases/2010/07/prweb4209934.htm,greenwashing
9td58,Greenwashed: Some Companies Just Want to Stand in the Way,bsrice,0,6,1.0,2009-10-12 23:22:18,Green,http://www.greenandsave.com/green_news/green-blog/greenwashed-some-companies-just-want-stand-way-5183,greenwashing
audtom,Japan's 2020 Olympic medals are made from recycled devices,InternationalForm3,3,52,0.91,2019-02-25 00:03:33,Green,https://www.youtube.com/watch?v=DjmnEWJPCM0,greenwashing
f4woq6,Scottish Power launches 100% green energy tariff: Firm aims to stand out from ‘greenwashing’ deals misleading consumers,harfyi,6,38,0.89,2020-02-16 21:30:40,unitedkingdom,https://www.theguardian.com/business/2020/feb/16/scottish-power-launches-new-100-green-energy-tariff,greenwashing
c6wtgc,Rachel Riley accused of ‘greenwashing’ for promoting oil company Shell,FatherOf2,162,241,0.94,2019-06-29 11:14:29,unitedkingdom,https://www.independent.co.uk/news/uk/home-news/rachel-riley-shell-oil-company-greenwashing-climate-change-bright-ideas-tweet-a8979846.html,greenwashing
f6w4gr,The EU’s green deal is a colossal exercise in greenwashing,DNtBlVtHhYp,0,11,0.77,2020-02-20 18:08:23,unitedkingdom,https://www.theguardian.com/commentisfree/2020/feb/07/eu-green-deal-greenwash-ursula-von-der-leyen-climate,greenwashing
ffhdax,Shell has a plan to profit from climate change,worotan,7,22,0.78,2020-03-08 21:13:44,unitedkingdom,https://nymag.com/intelligencer/2020/03/shell-climate-change.html,greenwashing
ex4v5n,Church of England Devises an Index for Climate-Conscious Investing,pacinothere,2,1,0.54,2020-02-01 12:30:26,unitedkingdom,https://www.nytimes.com/2020/01/31/business/church-of-england-climate-change.html,greenwashing
iw3qlq,"A Legacy of Greenwashing Haunts BP’s End-of-Oil Vision. While it’s made some tentative moves to confront this legacy, it still contributes to industry groups that routinely oppose policies to cut emissions.",mafco,47,139,0.91,2020-09-20 02:16:06,energy,https://www.bloomberg.com/news/articles/2020-09-18/a-legacy-of-greenwashing-haunts-bp-s-end-of-oil-vision,greenwashing
hrokk2,Report: Push for Renewable Natural Gas Is More Gas Industry 'Greenwashing'. These fuels pitched as “renewable ” and environmentally friendly alternatives to fossil gas amount to a PR campaign meant to distract from efforts to convert the building sector to all electric power.,mafco,14,21,0.84,2020-07-15 16:29:20,energy,https://www.desmogblog.com/2020/07/14/report-renewable-natural-gas-buildings-greenwashing,greenwashing
dx9ryf,"Fossil Fuel Subsidies And Impact Greenwashing Are Stalling The Energy Transition. Oil and gas companies are better at procuring government subsidies than generating profits. The playing field is rigged against clean energy, delaying the necessary energy transition. What can we do about it?",mafco,8,48,0.9,2019-11-16 18:28:32,energy,https://www.forbes.com/sites/walvanlierop/2019/11/14/fossil-fuel-subsidies-and-impact-greenwashing-are-stalling-the-energy-transition/#5311fe3546b3,greenwashing
f3bds8,"Oil Giant BP Has Pledged To Go Carbon-Neutral By 2050 | ""Any move like this has to be looked at with a critical eye to see if it's greenwashing or if it's real,"" one climate activist said.",pnewell,0,6,0.8,2020-02-13 16:13:24,energy,https://www.buzzfeednews.com/article/zahrahirji/bp-carbon-neutral-looney?utm_campaign=Hot%20News&utm_source=hs_email&utm_medium=email&utm_content=83314119&_hsenc=p2ANqtz-_-u37dHk9HjtY5nhvSgC2v_HbDcCIgUNY1r3g1xCNTSbk5CeABsOziwl5wKhigvr3sIwPUJYrW33cGh0FXMPjITepLZw&_hsmi=83314119,greenwashing
7lvqlg,"Google now runs 100% on renewable energy — 3.0 gigawatts of it. ""We are convinced this is good for business, this is not about greenwashing. This is about locking in prices for us in the long term. Increasingly, renewable energy is the lowest cost option""",mafco,37,254,0.91,2017-12-24 16:44:30,energy,https://www.zmescience.com/ecology/renewable-energy-ecology/google-renewable-energy-04122017/,greenwashing
2ggvqz,"With all the 'Greenwashing' that goes on here it good to review ""David MacKay asks his audience to use arithmetic to understand energy challenges""",eyefish4fun,81,27,0.76,2014-09-15 17:58:06,energy,http://atomicinsights.com/david-mackay-asks-audience-use-arithmetic-understand-energy-challenges/,greenwashing
f71rjm,World's carbon emissions flatline as rich nations ditch coal for wind and solar: IEA,ChesterEnergyDC,26,121,0.95,2020-02-21 00:19:35,energy,https://www.rechargenews.com/transition/worlds-carbon-emissions-flatline-as-rich-nations-ditch-coal-for-wind-and-solar-iea/2-1-753621,greenwashing
2xn6b9,Are pumped-storage plants used for greenwashing?,arminbw,6,0,0.42,2015-03-02 06:59:16,energy,https://www.reddit.com/r/energy/comments/2xn6b9/are_pumpedstorage_plants_used_for_greenwashing/,greenwashing
3t716e,"Wood ""Certification isn’t working and is, in fact, part of the problem"" - ""Clearly, this is exploiting the FSC Chain of Custody system to greenwash business as usual for the timber industry.""",jamessnow,0,15,0.76,2015-11-17 20:26:14,energy,http://www.redd-monitor.org/2015/10/20/scott-poynton-certification-isnt-working-and-is-in-fact-part-of-the-problem/,greenwashing
3t6jzz,Who watches the watchmen? RSPO's greenwashing and fraudulent reports exposed in palm oil industry,jamessnow,0,2,0.63,2015-11-17 18:40:32,energy,http://www.redd-monitor.org/2015/11/17/who-watches-the-watchmen-rspos-greenwashing-and-fraudulent-reports/,greenwashing
oplh1,How We Are Greenwashing The Cloud and What It Means for IT's Carbon Footprint ,Erinaceous,13,1,0.57,2012-01-21 01:36:10,energy,http://www.treehugger.com/clean-technology/how-we-are-greenwashing-cloud-means-for-it-carbon-footprint.html,greenwashing
cudl9,New hyped 5MW concentrated solar power plant is used to greenwash 725MW natural gas plant.,agoldin,9,14,0.66,2010-07-27 22:56:20,energy,http://depletedcranium.com/molten-salt-solar-produces-piddle-power-day-and-night/,greenwashing
e1cwl6,Pope Francis using carbon-neutral popemobile during Japan visit. The Toyota hydrogen-powered Mirai has been customised with a stand and handrails and was used for his mass in Nagasaki.,chopchopped,11,85,0.88,2019-11-25 09:04:09,energy,https://www.independent.ie/world-news/pope-francis-using-carbonneutral-popemobile-during-japan-visit-38721077.html,greenwashing
1tk1vs,Corporate Greenwash: FedEx ads misrepresent their low investment in environmentally-friendly fuels,grassrootbeer,0,8,0.7,2013-12-23 22:14:22,energy,http://www.bloomberg.com/news/2013-12-20/enchanted-ad-outpaces-fedex-s-adoption-of-eco-friendly-vehicles.html,greenwashing
llf2c,Waste to energy: Green or greenwash?,Vailhem,0,0,0.5,2011-10-23 00:17:14,energy,http://news.cnet.com/8301-11128_3-20123706-54/waste-to-energy-green-or-greenwash/?part=rss&subj=news&tag=2547-1_3-0-20&tag=nl.e703,greenwashing
6t72f,"Greenwash! Why we need honesty over carbon targets, not more green propaganda",glmory,0,0,0.5,2008-07-24 05:56:14,energy,http://www.dailymail.co.uk/sciencetech/article-1038141/Greenwash-Why-need-honesty-carbon-targets-green-propaganda.html,greenwashing
9m0l3s,Flexible vs Inflexible,eclipsenow,34,0,0.5,2018-10-07 01:23:13,energy,https://www.reddit.com/r/energy/comments/9m0l3s/flexible_vs_inflexible/,greenwashing
5rpeih,Do the Netherlandsâ trains really run on 100% wind power?,eleitl,4,2,0.58,2017-02-02 21:55:12,energy,http://euanmearns.com/do-the-netherlands-trains-really-run-on-100-wind-power/,greenwashing
2c9jie,Industry is tapping its young professionals to help change the 'narrative' of the coal industry,taykuy,5,8,0.76,2014-07-31 20:59:59,energy,http://www.snl.com/InteractiveX/Article.aspx?cdid=A-28770811-13608,greenwashing
c8cqh,Vertical Axis Urban Wind Turbine Uses Wind From Any Direction,greentechdude,10,7,0.64,2010-05-26 19:17:11,energy,http://www.earthtechling.com/2010/05/vertical-axis-urban-wind-turbine-uses-wind-from-any-direction/,greenwashing
lhccs,Fat Replaces Oil for F-16s as Biofuels Head to War: Commodities,croutonsoup,3,13,0.72,2011-10-19 12:01:53,energy,http://www.bloomberg.com/news/2011-10-18/animal-fat-replaces-crude-oil-in-f16s-as-biofuels-head-to-war-commodities.html,greenwashing
c5ola,"My school, in an attempt to become carbon neutral, plans to install a wood burning biomass incinerator.  What is /r/energy's opinion on biomass gasification?",_greg,8,4,0.59,2010-05-18 23:15:30,energy,https://www.reddit.com/r/energy/comments/c5ola/my_school_in_an_attempt_to_become_carbon_neutral/,greenwashing
jqvk2r,‘Hypocrites and greenwash’: Greta Thunberg blasts leaders over climate crisis,Facerealityalready,9,287,0.98,2020-11-09 11:52:55,climate,https://www.theguardian.com/environment/2020/nov/09/hypocrites-and-greenwash-greta-thunberg-climate-crisis,greenwashing
jvrumk,Support climate change and support brands that support it too by avoiding greenwashing! Be a smart consumer!,The_Green_Bulbazour,0,3,0.81,2020-11-17 13:04:12,climate,https://2030.builders/stories/greenwashing/,greenwashing
hronb8,Report: Push for Renewable Natural Gas Is More Gas Industry 'Greenwashing'. These fuels pitched as “renewable ” and environmentally friendly alternatives to fossil gas amount to a PR campaign meant to distract from efforts to convert the building sector to all electric power.,mafco,1,12,0.89,2020-07-15 16:33:33,climate,https://www.desmogblog.com/2020/07/14/report-renewable-natural-gas-buildings-greenwashing,greenwashing
enrhmf,"Shell is not a green saviour. It’s a planetary death machine - Don’t buy the greenwash. Shell’s initiatives, which have won over many conservation groups, are dwarfed by its investment in oil and gas",GlobalClimateChange,11,578,0.98,2020-01-12 19:50:29,climate,https://www.theguardian.com/commentisfree/2019/jun/26/shell-not-green-saviour-death-machine-greenwash-oil-gas?CMP=share_btn_tw,greenwashing
h9h5nj,UK Government Announces ‘Jet Zero Council’ but is it Really Possible or Just Greenwash?,MikeShaughnessy,0,1,1.0,2020-06-15 16:14:28,climate,http://londongreenleft.blogspot.com/2020/06/uk-government-announces-jet-zero.html,greenwashing
fcc9uu,'Greenwashing': are Republicans sincere about climate legislation? | Bills to meet environmental targets while feeding industry have the right pushing back and experts unconvinced,pnewell,0,8,1.0,2020-03-02 14:45:39,climate,https://www.theguardian.com/environment/2020/mar/02/greenwashing-house-republicans-climate-legislation?utm_campaign=Hot%20News&utm_source=hs_email&utm_medium=email&utm_content=84117330&_hsenc=p2ANqtz--HDaChxw6sPku0Ux5E1HLMh5z8OyjYW20F1_QqEOfTraxz2wC1RQF__uSLT848wYM0ddSNJD5CmyQL0cc38_lY8p_5WQ&_hsmi=84117330,greenwashing
e83da8,Lawyers Challenge BP Over 'Greenwashing' Ad Campaign,navegar,0,79,0.97,2019-12-09 03:12:42,climate,https://insideclimatenews.org/news/05122019/lawyers-challenge-bp-over-greenwashing-advertising-campaign?utm_source=InsideClimate+News&utm_campaign=5679f7b23d-&utm_medium=email&utm_term=0_29c928ffb5-5679f7b23d-327896505,greenwashing
ffwf2t,Greenwashing vs. the Climate Emergency,CCLSVN,0,0,0.5,2020-03-09 17:32:25,climate,https://www.reddit.com/r/climate/comments/ffwf2t/greenwashing_vs_the_climate_emergency/,greenwashing
eter8d,"Climate journalism and fossil fuel ads: an unholy marriage? Should newspapers, magazines, and other media outlets be helping the oil and gas industry spread messages about climate change that often mischaracterize the science and greenwash the industry’s role?",mafco,0,14,0.87,2020-01-24 19:54:16,climate,https://thebulletin.org/2020/01/climate-journalism-and-fossil-fuel-ads-an-unholy-marriage/,greenwashing
dwzdg3,"Do you think people using green apps like Ecosia actually makes a difference, or is it just greenwashing?",Glucksburg,4,4,0.7,2019-11-16 01:14:10,climate,https://www.reddit.com/r/climate/comments/dwzdg3/do_you_think_people_using_green_apps_like_ecosia/,greenwashing
dylfsa,More claims of greenwashing at major US electric utilities,Splenda,0,4,0.67,2019-11-19 15:55:08,climate,https://pv-magazine-usa.com/2019/11/18/more-claims-of-greenwashing-at-major-us-electric-utilities/,greenwashing
dylfnj,More claims of greenwashing at major US electric utilities,Splenda,0,7,0.82,2019-11-19 15:54:48,climate,https://pv-magazine-usa.com/2019/11/18/more-claims-of-greenwashing-at-major-us-electric-utilities/,greenwashing
cokviu,Is Google greenwashing with its vows to make sustainability a centerpiece of its hardware business?,bsl12,0,1,0.57,2019-08-10 19:23:26,climate,https://therising.co/2019/08/10/is-google-greenwashing-with-its-vows-to-make-sustainability-a-centerpiece-of-its-hardware-business/,greenwashing
c9uaxg,"H&M's sustainability efforts slammed by regulators, labeled ""greenwashing"" in latest PR disaster",bsl12,0,3,0.8,2019-07-06 16:41:56,climate,https://therising.co/2019/07/06/hm-sustainability-efforts-slammed-by-regulators-greenwashing-pr-disaster/,greenwashing
9ey07b,Green group criticizes Colorado candidate for greenwashing image with climate caucus,ILikeNeurons,0,1,0.6,2018-09-11 16:25:14,climate,https://thinkprogress.org/vulnerable-republicans-use-membership-in-climate-caucus-as-political-cover-green-groups-say-71eb8fceecbb/,greenwashing
9hucw4,World Celebrates as Exxon Joins World's Biggest Greenwash Group,silence7,0,7,0.74,2018-09-21 23:47:18,climate,https://www.desmog.co.uk/2018/09/21/world-celebrates-exxon-joins-worlds-biggest-greenwash-group?amp,greenwashing
evmzpo,Democrats to offer $760B infrastructure plan with big climate theme,pnewell,21,355,0.98,2020-01-29 14:39:17,climate,https://www.politico.com/news/2020/01/28/infrastructure-house-budget-climate-108396?utm_campaign=Hot%20News&utm_source=hs_email&utm_medium=email&utm_content=82587394&_hsenc=p2ANqtz-_rgjzd_q8JpFgaONpK_sZh2naWDHcUWZhC4rJl4q-ga5NGfgQvhaOO7PzHO3lAU8wxYUjNQJqKVwKVZPvIf--T4uItog&_hsmi=82587394,greenwashing
elwir9,"JetBlue Airways Will Become Carbon Neutral By July 2020, Making It The First In US History",bsl12,13,16,0.9,2020-01-08 19:19:32,climate,https://therising.co/2020/01/08/jetblue-carbon-neutral-by-july-2020/,greenwashing
2faqf6,Dominion Over Nature: Greenwashing Virginia Utility Is Member of Pro-Pollution Group ALEC | ThinkProgress,btrfly,1,20,0.84,2014-09-02 23:42:51,climate,http://thinkprogress.org/climate/2014/09/02/3477856/dominion-virginia-alec/,greenwashing
2ga09k,Climate crimes: Naomi Klein on greenwashing big business,IIJOSEPHXII,0,9,0.76,2014-09-13 11:31:11,climate,http://www.theguardian.com/environment/2014/sep/13/greenwashing-sticky-business-naomi-klein,greenwashing
l41z0,"Dysfunctional, Lop-Sided Geoengineering Panel 
Tries to Launch Greenwashing Euphemism, 
“Climate Remediation”.",macwithoutfries,0,7,0.77,2011-10-07 14:18:56,climate,http://thinkprogress.org/romm/2011/10/06/336676/geoengineering-panel-climate-remediation/,greenwashing
d5msmj,The gloves are off: 'predatory' climate deniers are a threat to our children,MayonaiseRemover,11,84,0.94,2019-09-17 22:34:17,climate,https://theconversation.com/the-gloves-are-off-predatory-climate-deniers-are-a-threat-to-our-children-123594,greenwashing
16vya4,"Ridley, Murdoch, and Lomborg Attempt to Greenwash Global Warming",atomic-ghost,0,18,0.88,2013-01-19 19:54:59,climate,http://www.skepticalscience.com/ridley-murdoch-lomborg-greenwash-global-warming.html,greenwashing
1tk1v0,Corporate Greenwash: FedEx ads misrepresent their low investment in environmentally-friendly fuels,grassrootbeer,0,2,0.59,2013-12-23 22:14:08,climate,http://www.bloomberg.com/news/2013-12-20/enchanted-ad-outpaces-fedex-s-adoption-of-eco-friendly-vehicles.html,greenwashing
duf9yz,"McDonald’s Unveils Two New Sustainability Initiatives That Could Power 2,500 Stores",bsl12,3,23,0.81,2019-11-10 19:35:51,climate,https://therising.co/2019/11/10/mcdonalds-sustainability-announces-new-renewable-energy-projects/,greenwashing
2h5cs7,Countering Israeli greenwashing at the People’s Climate March,yellowcakewalk,0,1,1.0,2014-09-22 20:16:12,climate,http://electronicintifada.net/blogs/gabriel-schivone/countering-israeli-greenwashing-peoples-climate-march,greenwashing
g19fkx,Seeking freelance writers to cover the business of climate change (paid),ClimateandCapital,0,1,0.67,2020-04-14 19:06:44,climate,https://www.reddit.com/r/climate/comments/g19fkx/seeking_freelance_writers_to_cover_the_business/,greenwashing
